,Team Name,hanamura_Wins,hanamura_Losses,hanamura_Draws,hanamura_Times Played,hanamura_Average Points Earned,hanamura_Average Points Lost,hanamura_Average Points Differential,hanamura_Win %,hanamura_Win % Rank,hanamura_True %,hanamura_True % Rank,hanamura_Map Potential %,hanamura_Map Potential % Rank,horizon-lunar-colony_Wins,horizon-lunar-colony_Losses,horizon-lunar-colony_Draws,horizon-lunar-colony_Times Played,horizon-lunar-colony_Average Points Earned,horizon-lunar-colony_Average Points Lost,horizon-lunar-colony_Average Points Differential,horizon-lunar-colony_Win %,horizon-lunar-colony_Win % Rank,horizon-lunar-colony_True %,horizon-lunar-colony_True % Rank,horizon-lunar-colony_Map Potential %,horizon-lunar-colony_Map Potential % Rank,paris_Wins,paris_Losses,paris_Draws,paris_Times Played,paris_Average Points Earned,paris_Average Points Lost,paris_Average Points Differential,paris_Win %,paris_Win % Rank,paris_True %,paris_True % Rank,paris_Map Potential %,paris_Map Potential % Rank,temple-of-anubis_Wins,temple-of-anubis_Losses,temple-of-anubis_Draws,temple-of-anubis_Times Played,temple-of-anubis_Average Points Earned,temple-of-anubis_Average Points Lost,temple-of-anubis_Average Points Differential,temple-of-anubis_Win %,temple-of-anubis_Win % Rank,temple-of-anubis_True %,temple-of-anubis_True % Rank,temple-of-anubis_Map Potential %,temple-of-anubis_Map Potential % Rank,volskaya_Wins,volskaya_Losses,volskaya_Draws,volskaya_Times Played,volskaya_Average Points Earned,volskaya_Average Points Lost,volskaya_Average Points Differential,volskaya_Win %,volskaya_Win % Rank,volskaya_True %,volskaya_True % Rank,volskaya_Map Potential %,volskaya_Map Potential % Rank,Total Assault Played,Average Assault Points Earned,Average Assault Points Lost,Average Assault Points Differential,Average Assault Points Differential Rank,Average Assault Win %,Average Assault Win % Rank,Average Assault True Win %,Average Assault True Win % Rank,Average Assault Map Potential %,Average Assault Map Potential % Rank,busan_Wins,busan_Losses,busan_Draws,busan_Times Played,busan_Average Points Earned,busan_Average Points Lost,busan_Average Points Differential,busan_Win %,busan_Win % Rank,busan_True %,busan_True % Rank,busan_Map Potential %,busan_Map Potential % Rank,ilios_Wins,ilios_Losses,ilios_Draws,ilios_Times Played,ilios_Average Points Earned,ilios_Average Points Lost,ilios_Average Points Differential,ilios_Win %,ilios_Win % Rank,ilios_True %,ilios_True % Rank,ilios_Map Potential %,ilios_Map Potential % Rank,lijiang_Wins,lijiang_Losses,lijiang_Draws,lijiang_Times Played,lijiang_Average Points Earned,lijiang_Average Points Lost,lijiang_Average Points Differential,lijiang_Win %,lijiang_Win % Rank,lijiang_True %,lijiang_True % Rank,lijiang_Map Potential %,lijiang_Map Potential % Rank,nepal_Wins,nepal_Losses,nepal_Draws,nepal_Times Played,nepal_Average Points Earned,nepal_Average Points Lost,nepal_Average Points Differential,nepal_Win %,nepal_Win % Rank,nepal_True %,nepal_True % Rank,nepal_Map Potential %,nepal_Map Potential % Rank,oasis_Wins,oasis_Losses,oasis_Draws,oasis_Times Played,oasis_Average Points Earned,oasis_Average Points Lost,oasis_Average Points Differential,oasis_Win %,oasis_Win % Rank,oasis_True %,oasis_True % Rank,oasis_Map Potential %,oasis_Map Potential % Rank,Total Control Played,Average Control Points Earned,Average Control Points Lost,Average Control Points Differential,Average Control Points Differential Rank,Average Control Win %,Average Control Win % Rank,Average Control True Win %,Average Control True Win % Rank,Average Control Map Potential %,Average Control Map Potential % Rank,blizzard-world_Wins,blizzard-world_Losses,blizzard-world_Draws,blizzard-world_Times Played,blizzard-world_Average Points Earned,blizzard-world_Average Points Lost,blizzard-world_Average Points Differential,blizzard-world_Win %,blizzard-world_Win % Rank,blizzard-world_True %,blizzard-world_True % Rank,blizzard-world_Map Potential %,blizzard-world_Map Potential % Rank,eichenwalde_Wins,eichenwalde_Losses,eichenwalde_Draws,eichenwalde_Times Played,eichenwalde_Average Points Earned,eichenwalde_Average Points Lost,eichenwalde_Average Points Differential,eichenwalde_Win %,eichenwalde_Win % Rank,eichenwalde_True %,eichenwalde_True % Rank,eichenwalde_Map Potential %,eichenwalde_Map Potential % Rank,hollywood_Wins,hollywood_Losses,hollywood_Draws,hollywood_Times Played,hollywood_Average Points Earned,hollywood_Average Points Lost,hollywood_Average Points Differential,hollywood_Win %,hollywood_Win % Rank,hollywood_True %,hollywood_True % Rank,hollywood_Map Potential %,hollywood_Map Potential % Rank,kings-row_Wins,kings-row_Losses,kings-row_Draws,kings-row_Times Played,kings-row_Average Points Earned,kings-row_Average Points Lost,kings-row_Average Points Differential,kings-row_Win %,kings-row_Win % Rank,kings-row_True %,kings-row_True % Rank,kings-row_Map Potential %,kings-row_Map Potential % Rank,numbani_Wins,numbani_Losses,numbani_Draws,numbani_Times Played,numbani_Average Points Earned,numbani_Average Points Lost,numbani_Average Points Differential,numbani_Win %,numbani_Win % Rank,numbani_True %,numbani_True % Rank,numbani_Map Potential %,numbani_Map Potential % Rank,Total Hybrid Played,Average Hybrid Points Earned,Average Hybrid Points Lost,Average Hybrid Points Differential,Average Hybrid Points Differential Rank,Average Hybrid Win %,Average Hybrid Win % Rank,Average Hybrid True Win %,Average Hybrid True Win % Rank,Average Hybrid Map Potential %,Average Hybrid Map Potential % Rank,dorado_Wins,dorado_Losses,dorado_Draws,dorado_Times Played,dorado_Average Points Earned,dorado_Average Points Lost,dorado_Average Points Differential,dorado_Win %,dorado_Win % Rank,dorado_True %,dorado_True % Rank,dorado_Map Potential %,dorado_Map Potential % Rank,havana_Wins,havana_Losses,havana_Draws,havana_Times Played,havana_Average Points Earned,havana_Average Points Lost,havana_Average Points Differential,havana_Win %,havana_Win % Rank,havana_True %,havana_True % Rank,havana_Map Potential %,havana_Map Potential % Rank,junkertown_Wins,junkertown_Losses,junkertown_Draws,junkertown_Times Played,junkertown_Average Points Earned,junkertown_Average Points Lost,junkertown_Average Points Differential,junkertown_Win %,junkertown_Win % Rank,junkertown_True %,junkertown_True % Rank,junkertown_Map Potential %,junkertown_Map Potential % Rank,rialto_Wins,rialto_Losses,rialto_Draws,rialto_Times Played,rialto_Average Points Earned,rialto_Average Points Lost,rialto_Average Points Differential,rialto_Win %,rialto_Win % Rank,rialto_True %,rialto_True % Rank,rialto_Map Potential %,rialto_Map Potential % Rank,route-66_Wins,route-66_Losses,route-66_Draws,route-66_Times Played,route-66_Average Points Earned,route-66_Average Points Lost,route-66_Average Points Differential,route-66_Win %,route-66_Win % Rank,route-66_True %,route-66_True % Rank,route-66_Map Potential %,route-66_Map Potential % Rank,gibraltar_Wins,gibraltar_Losses,gibraltar_Draws,gibraltar_Times Played,gibraltar_Average Points Earned,gibraltar_Average Points Lost,gibraltar_Average Points Differential,gibraltar_Win %,gibraltar_Win % Rank,gibraltar_True %,gibraltar_True % Rank,gibraltar_Map Potential %,gibraltar_Map Potential % Rank,Total Escort Played,Average Escort Points Earned,Average Escort Points Lost,Average Escort Points Differential,Average Escort Points Differential Rank,Average Escort Win %,Average Escort Win % Rank,Average Escort True Win %,Average Escort True Win % Rank,Average Escort Map Potential %,Average Escort Map Potential % Rank
0,Atlanta Reign,3.0,2.0,1.0,6.0,2.833,2.5,0.333,50.0,7.0,58.333,7.0,0.903,4.0,4.0,2.0,0.0,6.0,2.0,1.5,0.5,66.667,3.0,66.667,6.0,0.75,9.0,2.0,2.0,0.0,4.0,1.5,1.5,0.0,50.0,8.0,50.0,8.0,0.5,19.0,5.0,3.0,0.0,8.0,2.0,1.625,0.375,62.5,4.0,62.5,5.0,0.833,6.0,3.0,5.0,0.0,8.0,3.375,3.625,-0.25,37.5,14.0,37.5,16.0,0.769,11.0,32.0,2.3416,2.15,0.1916,6.0,53.333400000000005,5.0,55.0,7.0,0.751,11.0,6.0,8.0,0.0,14.0,1.071,1.286,-0.215,42.857,13.0,42.857,13.0,0.536,15.0,8.0,2.0,0.0,10.0,1.7,0.9,0.8,80.0,2.0,80.0,2.0,0.85,2.0,6.0,1.0,0.0,7.0,1.714,0.429,1.285,85.714,1.0,85.714,1.0,0.857,1.0,2.0,3.0,0.0,5.0,0.8,1.6,-0.8,40.0,12.0,40.0,12.0,0.4,18.0,3.0,3.0,0.0,6.0,1.167,1.167,0.0,50.0,12.0,50.0,12.0,0.583,12.0,42.0,1.2903999999999998,1.0764,0.21400000000000002,6.0,59.714200000000005,4.0,59.714200000000005,4.0,0.6452,8.0,4.0,1.0,0.0,5.0,2.0,1.0,1.0,80.0,4.0,80.0,4.0,0.95,3.0,3.0,2.0,0.0,5.0,2.6,2.2,0.4,60.0,6.0,60.0,6.0,0.867,7.0,4.0,2.0,0.0,6.0,1.667,1.167,0.5,66.667,7.0,66.667,7.0,0.667,13.0,3.0,7.0,0.0,10.0,2.9,3.3,-0.4,30.0,14.0,30.0,15.0,0.759,12.0,3.0,3.0,0.0,6.0,2.5,3.167,-0.667,50.0,8.0,50.0,8.0,0.611,17.0,32.0,2.3334,2.1668,0.1666,6.0,57.333400000000005,7.0,57.333400000000005,7.0,0.7708,7.0,3.0,2.0,0.0,5.0,2.2,1.6,0.6,60.0,7.0,60.0,7.0,0.833,7.0,3.0,1.0,0.0,4.0,2.0,1.5,0.5,75.0,4.0,75.0,4.0,0.875,2.0,2.0,2.0,0.0,4.0,2.5,2.5,0.0,50.0,10.0,50.0,10.0,0.833,9.0,3.0,4.0,0.0,7.0,2.0,2.714,-0.714,42.857,12.0,42.857,12.0,0.607,15.0,5.0,1.0,0.0,6.0,2.5,1.833,0.667,83.333,3.0,83.333,3.0,0.917,3.0,0.0,6.0,0.0,6.0,3.167,4.167,-1.0,0.0,18.0,0.0,18.0,0.731,9.0,32.0,2.3945,2.385666666666667,0.00883333333333336,8.0,51.865,8.0,51.865,8.0,0.7993333333333332,4.0
1,Boston Uprising,1.0,4.0,0.0,5.0,1.6,2.2,-0.6,20.0,18.0,20.0,18.0,0.583,16.0,2.0,2.0,1.0,5.0,3.0,3.0,0.0,40.0,12.0,50.0,10.0,0.76,8.0,0.0,4.0,1.0,5.0,2.8,3.6,-0.8,0.0,19.0,10.0,20.0,0.76,12.0,3.0,5.0,0.0,8.0,2.0,2.0,0.0,37.5,13.0,37.5,13.0,0.719,12.0,3.0,3.0,0.0,6.0,2.333,2.333,0.0,50.0,8.0,50.0,10.0,0.75,12.0,29.0,2.3465999999999996,2.6266000000000003,-0.27999999999999997,14.0,29.5,19.0,33.5,19.0,0.7143999999999999,14.0,2.0,7.0,0.0,9.0,0.667,1.556,-0.889,22.222,20.0,22.222,20.0,0.333,20.0,3.0,7.0,0.0,10.0,0.9,1.5,-0.6,30.0,16.0,30.0,16.0,0.45,16.0,1.0,5.0,0.0,6.0,0.833,1.667,-0.834,16.667,19.0,16.667,19.0,0.417,17.0,3.0,4.0,0.0,7.0,0.857,1.429,-0.572,42.857,11.0,42.857,11.0,0.429,14.0,2.0,4.0,0.0,6.0,0.833,1.667,-0.834,33.333,13.0,33.333,13.0,0.417,13.0,38.0,0.8180000000000002,1.5638,-0.7458,18.0,29.015800000000002,19.0,29.015800000000002,19.0,0.40919999999999995,19.0,2.0,3.0,0.0,5.0,1.8,2.4,-0.6,40.0,12.0,40.0,13.0,0.633,13.0,3.0,2.0,0.0,5.0,2.8,2.4,0.4,60.0,6.0,60.0,6.0,0.833,9.0,1.0,5.0,0.0,6.0,1.333,2.0,-0.667,16.667,16.0,16.667,17.0,0.528,19.0,2.0,6.0,0.0,8.0,2.625,3.125,-0.5,25.0,16.0,25.0,17.0,0.76,11.0,3.0,2.0,0.0,5.0,2.6,2.4,0.2,60.0,6.0,60.0,6.0,0.7,13.0,29.0,2.2316,2.4650000000000003,-0.2334,14.0,40.3334,13.0,40.3334,13.0,0.6908,15.0,3.0,3.0,0.0,6.0,2.167,1.833,0.334,50.0,10.0,50.0,10.0,0.708,10.0,2.0,3.0,0.0,5.0,2.4,2.4,0.0,40.0,13.0,40.0,13.0,0.72,10.0,0.0,4.0,0.0,4.0,1.0,2.25,-1.25,0.0,19.0,0.0,19.0,0.333,19.0,3.0,2.0,0.0,5.0,1.8,1.6,0.2,60.0,4.0,60.0,4.0,0.85,5.0,1.0,3.0,0.0,4.0,1.5,2.0,-0.5,25.0,16.0,25.0,16.0,0.542,17.0,1.0,3.0,0.0,4.0,2.5,3.25,-0.75,25.0,15.0,25.0,15.0,0.588,13.0,28.0,1.8945,2.222166666666667,-0.32766666666666666,13.0,33.333333333333336,17.0,33.333333333333336,17.0,0.6234999999999999,20.0
2,Chengdu Hunters,2.0,3.0,0.0,5.0,1.8,2.0,-0.2,40.0,9.0,40.0,12.0,0.633,15.0,3.0,2.0,0.0,5.0,2.4,2.2,0.2,60.0,7.0,60.0,8.0,0.91,4.0,2.0,2.0,1.0,5.0,2.8,2.8,0.0,40.0,12.0,50.0,8.0,0.893,6.0,4.0,2.0,0.0,6.0,1.667,1.167,0.5,66.667,2.0,66.667,2.0,0.778,10.0,1.0,7.0,0.0,8.0,2.625,3.375,-0.75,12.5,18.0,12.5,19.0,0.731,13.0,29.0,2.2584,2.3084,-0.05,11.0,43.8334,11.0,45.8334,12.0,0.7889999999999999,8.0,4.0,6.0,0.0,10.0,1.0,1.3,-0.3,40.0,15.0,40.0,15.0,0.5,16.0,5.0,7.0,0.0,12.0,1.25,1.417,-0.167,41.667,15.0,41.667,15.0,0.625,10.0,3.0,3.0,0.0,6.0,1.0,1.333,-0.333,50.0,9.0,50.0,9.0,0.5,14.0,5.0,1.0,0.0,6.0,1.667,0.833,0.834,83.333,3.0,83.333,3.0,0.833,5.0,4.0,2.0,0.0,6.0,1.333,1.167,0.166,66.667,3.0,66.667,3.0,0.667,8.0,40.0,1.25,1.21,0.03999999999999999,10.0,56.333400000000005,8.0,56.333400000000005,8.0,0.625,10.0,4.0,0.0,0.0,4.0,3.0,1.5,1.5,100.0,1.0,100.0,1.0,1.0,1.0,2.0,4.0,0.0,6.0,2.667,2.667,0.0,33.333,14.0,33.333,15.0,0.722,13.0,3.0,3.0,0.0,6.0,1.833,1.667,0.166,50.0,10.0,50.0,10.0,0.708,12.0,2.0,6.0,0.0,8.0,1.75,2.25,-0.5,25.0,16.0,25.0,17.0,0.646,17.0,2.0,3.0,0.0,5.0,3.0,3.4,-0.4,40.0,11.0,40.0,13.0,0.803,7.0,29.0,2.45,2.2968,0.15319999999999998,7.0,49.6666,8.0,49.6666,9.0,0.7757999999999999,6.0,3.0,2.0,0.0,5.0,1.8,1.8,0.0,60.0,7.0,60.0,7.0,0.7,11.0,0.0,4.0,0.0,4.0,1.25,2.75,-1.5,0.0,18.0,0.0,18.0,0.354,20.0,1.0,5.0,0.0,6.0,2.333,3.0,-0.667,16.667,17.0,16.667,17.0,0.606,15.0,2.0,4.0,0.0,6.0,2.0,2.333,-0.333,33.333,16.0,33.333,16.0,0.778,6.0,1.0,3.0,0.0,4.0,1.75,2.25,-0.5,25.0,16.0,25.0,16.0,0.708,12.0,3.0,1.0,0.0,4.0,2.5,1.5,1.0,75.0,3.0,75.0,3.0,0.833,4.0,29.0,1.9388333333333332,2.2721666666666667,-0.3333333333333333,14.0,35.0,16.0,35.0,16.0,0.6631666666666667,15.0
3,Dallas Fuel,0.0,5.0,0.0,5.0,1.2,2.4,-1.2,0.0,19.0,0.0,20.0,0.467,20.0,0.0,3.0,1.0,4.0,2.25,3.0,-0.75,0.0,19.0,12.5,19.0,0.604,15.0,3.0,1.0,1.0,5.0,2.4,2.2,0.2,60.0,4.0,70.0,4.0,0.8,11.0,3.0,5.0,0.0,8.0,1.625,2.125,-0.5,37.5,13.0,37.5,13.0,0.542,20.0,1.0,5.0,1.0,7.0,3.571,4.143,-0.572,14.286,17.0,21.429,18.0,0.824,9.0,29.0,2.2092,2.7736000000000005,-0.5644,20.0,22.3572,20.0,28.285800000000002,20.0,0.6474,19.0,5.0,3.0,0.0,8.0,1.25,1.125,0.125,62.5,4.0,62.5,4.0,0.625,8.0,3.0,4.0,0.0,7.0,1.0,1.429,-0.429,42.857,13.0,42.857,13.0,0.5,15.0,3.0,2.0,0.0,5.0,1.2,1.0,0.2,60.0,7.0,60.0,7.0,0.6,7.0,2.0,5.0,0.0,7.0,0.857,1.571,-0.714,28.571,16.0,28.571,16.0,0.429,14.0,4.0,2.0,0.0,6.0,1.333,0.667,0.666,66.667,3.0,66.667,3.0,0.667,8.0,33.0,1.1280000000000001,1.1583999999999999,-0.030399999999999983,12.0,52.11900000000001,10.0,52.11900000000001,10.0,0.5641999999999999,13.0,1.0,3.0,0.0,4.0,2.25,3.0,-0.75,25.0,14.0,25.0,16.0,0.604,15.0,2.0,2.0,0.0,4.0,2.0,2.0,0.0,50.0,10.0,50.0,10.0,0.792,11.0,1.0,6.0,0.0,7.0,1.714,2.714,-1.0,14.286,17.0,14.286,18.0,0.595,17.0,5.0,5.0,0.0,10.0,2.5,2.4,0.1,50.0,8.0,50.0,8.0,0.8,9.0,1.0,3.0,0.0,4.0,2.25,2.75,-0.5,25.0,16.0,25.0,16.0,0.688,14.0,29.0,2.1428000000000003,2.5728,-0.43,16.0,32.8572,17.0,32.8572,17.0,0.6958,14.0,2.0,3.0,0.0,5.0,2.4,3.0,-0.6,40.0,13.0,40.0,13.0,0.667,13.0,1.0,4.0,0.0,5.0,1.8,2.4,-0.6,20.0,16.0,20.0,16.0,0.583,15.0,1.0,4.0,0.0,5.0,2.2,3.2,-1.0,20.0,16.0,20.0,16.0,0.55,18.0,3.0,2.0,0.0,5.0,1.8,1.4,0.4,60.0,4.0,60.0,4.0,0.767,9.0,1.0,3.0,0.0,4.0,2.75,3.25,-0.5,25.0,16.0,25.0,16.0,0.729,9.0,1.0,3.0,0.0,4.0,2.5,3.5,-1.0,25.0,15.0,25.0,15.0,0.617,11.0,28.0,2.2416666666666667,2.7916666666666665,-0.55,19.0,31.666666666666668,19.0,31.666666666666668,19.0,0.6521666666666667,16.0
4,Florida Mayhem,5.0,1.0,0.0,6.0,3.167,2.333,0.834,83.333,2.0,83.333,3.0,0.958,3.0,0.0,5.0,0.0,5.0,2.6,3.6,-1.0,0.0,19.0,0.0,20.0,0.603,16.0,1.0,3.0,0.0,4.0,1.5,2.0,-0.5,25.0,13.0,25.0,14.0,0.625,16.0,1.0,3.0,2.0,6.0,2.333,2.833,-0.5,16.667,18.0,33.333,16.0,0.694,13.0,3.0,3.0,1.0,7.0,2.429,2.286,0.143,42.857,12.0,50.0,10.0,0.852,6.0,28.0,2.4058,2.6104,-0.20459999999999998,13.0,33.5714,14.0,38.3332,15.0,0.7464,13.0,3.0,4.0,0.0,7.0,1.0,1.286,-0.286,42.857,13.0,42.857,13.0,0.5,16.0,1.0,9.0,0.0,10.0,0.5,1.8,-1.3,10.0,19.0,10.0,19.0,0.25,20.0,1.0,3.0,0.0,4.0,1.0,1.5,-0.5,25.0,16.0,25.0,16.0,0.5,14.0,1.0,5.0,0.0,6.0,0.667,1.667,-1.0,16.667,18.0,16.667,18.0,0.333,20.0,1.0,4.0,0.0,5.0,0.6,1.6,-1.0,20.0,17.0,20.0,17.0,0.3,17.0,32.0,0.7534,1.5706,-0.8172,20.0,22.9048,20.0,22.9048,20.0,0.3766,20.0,1.0,3.0,1.0,5.0,2.2,2.6,-0.4,20.0,15.0,30.0,14.0,0.733,11.0,0.0,4.0,1.0,5.0,1.4,3.0,-1.6,0.0,18.0,10.0,18.0,0.467,19.0,3.0,3.0,0.0,6.0,1.833,1.833,0.0,50.0,10.0,50.0,10.0,0.806,6.0,2.0,5.0,0.0,7.0,2.429,2.857,-0.428,28.571,15.0,28.571,16.0,0.74,14.0,2.0,3.0,0.0,5.0,2.4,2.6,-0.2,40.0,11.0,40.0,13.0,0.843,6.0,28.0,2.0524,2.578,-0.5256000000000001,17.0,27.714199999999998,19.0,31.714199999999998,18.0,0.7178000000000001,12.0,1.0,3.0,0.0,4.0,2.25,3.0,-0.75,25.0,16.0,25.0,16.0,0.625,17.0,1.0,4.0,0.0,5.0,1.2,2.2,-1.0,20.0,16.0,20.0,16.0,0.433,19.0,1.0,5.0,0.0,6.0,2.833,3.5,-0.667,16.667,17.0,16.667,17.0,0.767,11.0,3.0,2.0,0.0,5.0,1.4,2.0,-0.6,60.0,4.0,60.0,4.0,0.6,16.0,3.0,1.0,0.0,4.0,2.25,1.5,0.75,75.0,4.0,75.0,4.0,0.875,7.0,2.0,2.0,0.0,4.0,1.25,1.75,-0.5,50.0,9.0,50.0,9.0,0.5,18.0,28.0,1.8638333333333332,2.3249999999999997,-0.46116666666666667,17.0,41.11116666666667,13.0,41.11116666666667,13.0,0.6333333333333334,19.0
5,Guangzhou Charge,2.0,3.0,0.0,5.0,2.6,2.6,0.0,40.0,9.0,40.0,12.0,0.721,13.0,4.0,1.0,1.0,6.0,3.333,2.833,0.5,66.667,3.0,75.0,2.0,0.944,2.0,1.0,5.0,0.0,6.0,1.0,2.167,-1.167,16.667,18.0,16.667,18.0,0.278,20.0,3.0,3.0,0.0,6.0,1.667,1.667,0.0,50.0,8.0,50.0,9.0,0.736,11.0,5.0,2.0,0.0,7.0,2.429,1.714,0.715,71.429,2.0,71.429,2.0,0.881,3.0,30.0,2.2058,2.1962,0.009599999999999987,10.0,48.952600000000004,9.0,50.6192,10.0,0.7120000000000001,15.0,7.0,3.0,0.0,10.0,1.5,0.6,0.9,70.0,2.0,70.0,2.0,0.75,1.0,6.0,5.0,0.0,11.0,1.364,1.091,0.273,54.545,9.0,54.545,9.0,0.682,7.0,5.0,3.0,0.0,8.0,1.5,1.25,0.25,62.5,6.0,62.5,6.0,0.75,6.0,4.0,1.0,0.0,5.0,1.8,0.8,1.0,80.0,4.0,80.0,4.0,0.9,2.0,1.0,4.0,0.0,5.0,0.4,1.6,-1.2,20.0,17.0,20.0,17.0,0.2,18.0,39.0,1.3128,1.0681999999999998,0.2446,4.0,57.409000000000006,7.0,57.409000000000006,7.0,0.6564,7.0,1.0,3.0,1.0,5.0,1.4,2.4,-1.0,20.0,15.0,30.0,14.0,0.6,16.0,3.0,2.0,0.0,5.0,3.0,2.4,0.6,60.0,6.0,60.0,6.0,0.867,7.0,5.0,2.0,0.0,7.0,1.857,1.143,0.714,71.429,6.0,71.429,6.0,0.762,8.0,5.0,3.0,0.0,8.0,3.5,3.25,0.25,62.5,6.0,62.5,6.0,0.844,7.0,1.0,4.0,0.0,5.0,2.0,2.8,-0.8,20.0,19.0,20.0,19.0,0.65,16.0,30.0,2.3514000000000004,2.3985999999999996,-0.04720000000000002,10.0,46.7858,9.0,48.7858,10.0,0.7445999999999999,10.0,0.0,4.0,0.0,4.0,1.25,2.75,-1.5,0.0,20.0,0.0,20.0,0.458,20.0,3.0,2.0,0.0,5.0,2.4,2.2,0.2,60.0,7.0,60.0,7.0,0.7,11.0,1.0,3.0,0.0,4.0,2.0,3.0,-1.0,25.0,13.0,25.0,13.0,0.604,16.0,3.0,4.0,0.0,7.0,2.143,2.0,0.143,42.857,12.0,42.857,12.0,0.762,10.0,4.0,0.0,0.0,4.0,2.75,1.75,1.0,100.0,1.0,100.0,1.0,1.0,1.0,2.0,4.0,0.0,6.0,1.833,2.333,-0.5,33.333,14.0,33.333,14.0,0.597,12.0,30.0,2.0626666666666664,2.338833333333333,-0.27616666666666667,12.0,43.531666666666666,12.0,43.531666666666666,12.0,0.6868333333333334,10.0
6,Hangzhou Spark,4.0,2.0,0.0,6.0,1.833,1.5,0.333,66.667,5.0,66.667,5.0,0.778,9.0,2.0,2.0,1.0,5.0,2.4,2.6,-0.2,40.0,12.0,50.0,10.0,0.733,11.0,3.0,1.0,1.0,5.0,2.2,1.6,0.6,60.0,4.0,70.0,4.0,0.96,3.0,4.0,8.0,0.0,12.0,2.5,2.917,-0.417,33.333,16.0,33.333,16.0,0.782,9.0,4.0,2.0,1.0,7.0,1.714,1.571,0.143,57.143,6.0,64.286,6.0,0.714,15.0,35.0,2.1294,2.0376,0.09179999999999999,8.0,51.4286,7.0,56.8572,6.0,0.7934,6.0,8.0,5.0,0.0,13.0,1.385,1.077,0.308,61.538,5.0,61.538,5.0,0.692,5.0,5.0,5.0,0.0,10.0,1.1,1.2,-0.1,50.0,11.0,50.0,11.0,0.55,14.0,4.0,5.0,0.0,9.0,1.111,1.444,-0.333,44.444,10.0,44.444,10.0,0.556,12.0,4.0,1.0,0.0,5.0,1.8,0.8,1.0,80.0,4.0,80.0,4.0,0.9,2.0,5.0,4.0,0.0,9.0,1.222,1.0,0.222,55.556,11.0,55.556,11.0,0.611,11.0,46.0,1.3236,1.1042,0.21939999999999998,5.0,58.3076,5.0,58.3076,5.0,0.6618,6.0,4.0,3.0,1.0,8.0,2.75,2.5,0.25,50.0,9.0,56.25,9.0,0.781,10.0,2.0,3.0,0.0,5.0,2.6,2.4,0.2,40.0,11.0,40.0,11.0,0.7,14.0,6.0,2.0,0.0,8.0,2.25,1.375,0.875,75.0,1.0,75.0,1.0,0.833,4.0,2.0,6.0,0.0,8.0,2.25,3.0,-0.75,25.0,16.0,25.0,17.0,0.642,18.0,2.0,4.0,0.0,6.0,2.167,2.333,-0.166,33.333,15.0,33.333,15.0,0.583,19.0,35.0,2.4034,2.3216,0.08179999999999998,8.0,44.6666,11.0,45.9166,11.0,0.7078,13.0,5.0,2.0,0.0,7.0,2.714,2.143,0.571,71.429,5.0,71.429,5.0,0.924,3.0,3.0,3.0,0.0,6.0,2.333,2.0,0.333,50.0,11.0,50.0,11.0,0.722,9.0,4.0,2.0,0.0,6.0,3.0,2.667,0.333,66.667,7.0,66.667,7.0,0.903,7.0,2.0,3.0,0.0,5.0,2.2,2.6,-0.4,40.0,14.0,40.0,14.0,0.717,11.0,1.0,3.0,0.0,4.0,0.75,1.75,-1.0,25.0,16.0,25.0,16.0,0.417,19.0,5.0,2.0,0.0,7.0,2.571,1.857,0.714,71.429,4.0,71.429,4.0,0.917,3.0,35.0,2.2613333333333334,2.1694999999999998,0.09183333333333331,7.0,54.0875,7.0,54.0875,7.0,0.7666666666666666,7.0
7,Houston Outlaws,2.0,3.0,0.0,5.0,1.4,2.0,-0.6,40.0,9.0,40.0,12.0,0.5,19.0,2.0,3.0,0.0,5.0,1.4,1.6,-0.2,40.0,12.0,40.0,14.0,0.4,20.0,1.0,3.0,0.0,4.0,2.25,2.5,-0.25,25.0,13.0,25.0,14.0,0.604,17.0,3.0,3.0,1.0,7.0,1.571,1.714,-0.143,42.857,11.0,50.0,9.0,0.595,17.0,1.0,5.0,2.0,8.0,2.125,2.625,-0.5,12.5,18.0,25.0,17.0,0.646,18.0,29.0,1.7491999999999996,2.0878,-0.3386,16.0,32.0714,16.0,36.0,18.0,0.549,20.0,5.0,4.0,0.0,9.0,1.444,1.111,0.333,55.556,7.0,55.556,7.0,0.722,4.0,5.0,4.0,0.0,9.0,1.333,1.222,0.111,55.556,8.0,55.556,8.0,0.667,9.0,1.0,6.0,0.0,7.0,0.571,1.857,-1.286,14.286,20.0,14.286,20.0,0.286,20.0,4.0,1.0,0.0,5.0,1.6,0.8,0.8,80.0,4.0,80.0,4.0,0.8,6.0,2.0,4.0,0.0,6.0,0.833,1.333,-0.5,33.333,13.0,33.333,13.0,0.417,13.0,36.0,1.1562000000000001,1.2646000000000002,-0.10840000000000001,13.0,47.7462,11.0,47.7462,11.0,0.5784,12.0,0.0,4.0,0.0,4.0,0.0,2.0,-2.0,0.0,19.0,0.0,19.0,0.0,20.0,2.0,4.0,0.0,6.0,1.333,2.167,-0.834,33.333,14.0,33.333,15.0,0.528,17.0,0.0,7.0,0.0,7.0,1.143,2.429,-1.286,0.0,19.0,0.0,20.0,0.476,20.0,5.0,3.0,0.0,8.0,2.75,2.375,0.375,62.5,6.0,62.5,6.0,0.875,5.0,3.0,1.0,0.0,4.0,3.25,2.75,0.5,75.0,3.0,75.0,3.0,0.917,1.0,29.0,1.6951999999999998,2.3442,-0.649,19.0,34.1666,16.0,34.1666,16.0,0.5592,20.0,4.0,1.0,0.0,5.0,2.0,1.2,0.8,80.0,1.0,80.0,1.0,0.8,8.0,3.0,1.0,0.0,4.0,2.0,2.0,0.0,75.0,4.0,75.0,4.0,0.875,2.0,1.0,3.0,0.0,4.0,1.75,2.5,-0.75,25.0,13.0,25.0,13.0,0.583,17.0,1.0,4.0,0.0,5.0,1.8,2.4,-0.6,20.0,18.0,20.0,18.0,0.583,17.0,2.0,4.0,0.0,6.0,1.5,1.667,-0.167,33.333,14.0,33.333,14.0,0.722,10.0,0.0,4.0,0.0,4.0,2.0,3.5,-1.5,0.0,18.0,0.0,18.0,0.542,16.0,28.0,1.8416666666666668,2.2111666666666667,-0.3695,16.0,38.88883333333333,14.0,38.88883333333333,14.0,0.6841666666666667,12.0
8,London Spitfire,3.0,4.0,1.0,8.0,1.5,1.625,-0.125,37.5,15.0,43.75,11.0,0.583,16.0,3.0,3.0,0.0,6.0,2.167,1.833,0.334,50.0,10.0,50.0,10.0,0.722,13.0,3.0,0.0,1.0,4.0,3.5,2.75,0.75,75.0,3.0,87.5,2.0,1.0,1.0,4.0,2.0,1.0,7.0,1.714,1.429,0.285,57.143,5.0,64.286,4.0,0.893,2.0,3.0,4.0,0.0,7.0,2.429,2.571,-0.142,42.857,12.0,42.857,14.0,0.726,14.0,32.0,2.262,2.0416,0.2204,5.0,52.5,6.0,57.6786,4.0,0.7847999999999999,9.0,5.0,4.0,0.0,9.0,1.333,1.0,0.333,55.556,7.0,55.556,7.0,0.667,6.0,1.0,10.0,0.0,11.0,0.636,1.818,-1.182,9.091,20.0,9.091,20.0,0.318,19.0,5.0,2.0,0.0,7.0,1.571,0.857,0.714,71.429,5.0,71.429,5.0,0.786,3.0,2.0,4.0,0.0,6.0,1.333,1.333,0.0,33.333,14.0,33.333,14.0,0.667,9.0,3.0,2.0,0.0,5.0,1.4,1.0,0.4,60.0,6.0,60.0,6.0,0.7,4.0,38.0,1.2546,1.2016,0.053000000000000005,9.0,45.8818,13.0,45.8818,13.0,0.6275999999999999,9.0,2.0,3.0,1.0,6.0,2.167,2.833,-0.666,33.333,13.0,41.667,12.0,0.625,14.0,1.0,2.0,1.0,4.0,1.75,2.5,-0.75,25.0,16.0,37.5,14.0,0.667,15.0,3.0,4.0,0.0,7.0,2.143,2.286,-0.143,42.857,13.0,42.857,13.0,0.726,10.0,6.0,1.0,0.0,7.0,3.143,2.714,0.429,85.714,1.0,85.714,1.0,0.857,6.0,3.0,4.0,1.0,8.0,2.125,2.25,-0.125,37.5,14.0,43.75,12.0,0.76,12.0,32.0,2.2656,2.5166,-0.251,15.0,44.8808,10.0,50.2976,8.0,0.727,11.0,4.0,1.0,0.0,5.0,3.0,2.4,0.6,80.0,1.0,80.0,1.0,0.933,1.0,0.0,4.0,0.0,4.0,1.75,3.25,-1.5,0.0,18.0,0.0,18.0,0.492,18.0,4.0,1.0,0.0,5.0,2.4,1.2,1.2,80.0,4.0,80.0,4.0,0.933,5.0,2.0,2.0,0.0,4.0,1.75,1.75,0.0,50.0,8.0,50.0,8.0,0.625,14.0,1.0,5.0,0.0,6.0,1.333,2.667,-1.334,16.667,20.0,16.667,20.0,0.411,20.0,5.0,3.0,0.0,8.0,2.0,2.0,0.0,62.5,6.0,62.5,6.0,0.688,10.0,32.0,2.0388333333333333,2.2111666666666667,-0.17233333333333337,11.0,48.194500000000005,10.0,48.194500000000005,10.0,0.6803333333333333,13.0
9,Los Angeles Gladiators,0.0,4.0,1.0,5.0,1.0,1.8,-0.8,0.0,19.0,10.0,19.0,0.533,18.0,3.0,3.0,0.0,6.0,2.0,1.833,0.167,50.0,10.0,50.0,10.0,0.736,10.0,4.0,0.0,0.0,4.0,2.25,1.0,1.25,100.0,1.0,100.0,1.0,1.0,1.0,6.0,4.0,1.0,11.0,2.364,2.091,0.273,54.545,6.0,59.091,6.0,0.833,6.0,4.0,2.0,0.0,6.0,3.333,3.0,0.333,66.667,4.0,66.667,4.0,0.903,2.0,32.0,2.1894,1.9448,0.2446,3.0,54.242399999999996,4.0,57.15160000000001,5.0,0.8010000000000002,4.0,7.0,7.0,0.0,14.0,1.214,1.143,0.071,50.0,9.0,50.0,9.0,0.607,10.0,2.0,5.0,0.0,7.0,0.714,1.429,-0.715,28.571,17.0,28.571,17.0,0.357,18.0,3.0,6.0,0.0,9.0,1.111,1.444,-0.333,33.333,13.0,33.333,13.0,0.556,12.0,3.0,2.0,0.0,5.0,1.4,1.0,0.4,60.0,7.0,60.0,7.0,0.7,8.0,3.0,2.0,0.0,5.0,1.4,0.8,0.6,60.0,6.0,60.0,6.0,0.7,4.0,40.0,1.1678000000000002,1.1632,0.004599999999999982,11.0,46.3808,12.0,46.3808,12.0,0.584,11.0,4.0,1.0,0.0,5.0,3.0,2.4,0.6,80.0,4.0,80.0,4.0,0.96,2.0,3.0,1.0,0.0,4.0,2.0,1.5,0.5,75.0,4.0,75.0,4.0,0.917,3.0,4.0,2.0,0.0,6.0,2.0,1.5,0.5,66.667,7.0,66.667,7.0,0.75,9.0,9.0,3.0,0.0,12.0,3.0,2.417,0.583,75.0,3.0,75.0,3.0,0.889,4.0,2.0,2.0,1.0,5.0,2.2,2.4,-0.2,40.0,11.0,50.0,8.0,0.8,8.0,32.0,2.44,2.0434,0.39659999999999995,4.0,67.33340000000001,3.0,69.33340000000001,3.0,0.8632,3.0,1.0,4.0,0.0,5.0,1.6,2.2,-0.6,20.0,17.0,20.0,17.0,0.533,19.0,3.0,2.0,0.0,5.0,2.6,2.0,0.6,60.0,7.0,60.0,7.0,0.867,5.0,3.0,1.0,0.0,4.0,2.5,1.75,0.75,75.0,5.0,75.0,5.0,0.95,4.0,4.0,4.0,0.0,8.0,2.375,2.125,0.25,50.0,8.0,50.0,8.0,0.771,7.0,2.0,2.0,0.0,4.0,2.5,2.5,0.0,50.0,8.0,50.0,8.0,0.7,13.0,2.0,3.0,0.0,5.0,1.4,1.8,-0.4,40.0,12.0,40.0,12.0,0.55,15.0,31.0,2.1625,2.0625,0.09999999999999999,6.0,49.166666666666664,9.0,49.166666666666664,9.0,0.7284999999999999,8.0
10,Los Angeles Valiant,3.0,0.0,1.0,4.0,2.0,1.25,0.75,75.0,4.0,87.5,2.0,1.0,1.0,1.0,5.0,0.0,6.0,2.167,2.833,-0.666,16.667,17.0,16.667,17.0,0.583,17.0,1.0,4.0,0.0,5.0,1.8,2.4,-0.6,20.0,17.0,20.0,17.0,0.683,15.0,3.0,3.0,1.0,7.0,2.143,2.143,0.0,42.857,11.0,50.0,9.0,0.845,4.0,4.0,3.0,1.0,8.0,2.5,2.25,0.25,50.0,8.0,56.25,9.0,0.844,7.0,30.0,2.122,2.1752000000000002,-0.053200000000000004,12.0,40.9048,12.0,46.0834,11.0,0.7909999999999999,7.0,4.0,7.0,0.0,11.0,1.091,1.455,-0.364,36.364,18.0,36.364,18.0,0.545,14.0,4.0,5.0,0.0,9.0,1.222,1.111,0.111,44.444,12.0,44.444,12.0,0.611,11.0,3.0,2.0,0.0,5.0,1.2,0.8,0.4,60.0,7.0,60.0,7.0,0.6,7.0,3.0,3.0,0.0,6.0,1.167,1.333,-0.166,50.0,8.0,50.0,8.0,0.583,12.0,3.0,6.0,0.0,9.0,0.778,1.333,-0.555,33.333,13.0,33.333,13.0,0.389,16.0,40.0,1.0916000000000001,1.2064,-0.11480000000000001,14.0,44.828199999999995,14.0,44.828199999999995,14.0,0.5456000000000001,14.0,0.0,5.0,0.0,5.0,1.4,2.4,-1.0,0.0,19.0,0.0,19.0,0.483,19.0,2.0,3.0,0.0,5.0,2.0,2.2,-0.2,40.0,11.0,40.0,11.0,0.733,12.0,2.0,4.0,1.0,7.0,1.714,1.857,-0.143,28.571,15.0,35.714,15.0,0.619,15.0,3.0,4.0,0.0,7.0,2.857,3.0,-0.143,42.857,12.0,42.857,12.0,0.805,8.0,4.0,2.0,0.0,6.0,2.833,2.5,0.333,66.667,5.0,66.667,5.0,0.778,10.0,30.0,2.1608,2.3914,-0.2306,13.0,35.619,15.0,37.0476,15.0,0.6836,17.0,4.0,1.0,0.0,5.0,3.2,2.4,0.8,80.0,1.0,80.0,1.0,0.933,1.0,4.0,2.0,0.0,6.0,2.5,2.5,0.0,66.667,6.0,66.667,6.0,0.778,8.0,3.0,2.0,0.0,5.0,3.2,3.0,0.2,60.0,9.0,60.0,9.0,0.86,8.0,4.0,1.0,0.0,5.0,2.2,1.2,1.0,80.0,2.0,80.0,2.0,0.9,2.0,2.0,3.0,0.0,5.0,2.6,2.8,-0.2,40.0,11.0,40.0,11.0,0.67,14.0,2.0,2.0,0.0,4.0,1.0,0.75,0.25,50.0,9.0,50.0,9.0,0.5,18.0,30.0,2.45,2.108333333333333,0.3416666666666666,3.0,62.77783333333334,4.0,62.77783333333334,4.0,0.7735,6.0
11,New York Excelsior,4.0,2.0,1.0,7.0,2.0,1.714,0.286,57.143,6.0,64.286,6.0,0.881,6.0,3.0,1.0,1.0,5.0,1.6,1.2,0.4,60.0,7.0,70.0,5.0,0.8,7.0,2.0,2.0,0.0,4.0,2.0,2.0,0.0,50.0,8.0,50.0,8.0,0.812,9.0,6.0,5.0,0.0,11.0,2.545,2.364,0.181,54.545,6.0,54.545,8.0,0.8,8.0,5.0,3.0,1.0,9.0,2.667,2.333,0.334,55.556,7.0,61.111,8.0,0.824,9.0,36.0,2.1624,1.9222000000000001,0.24020000000000002,4.0,55.44879999999999,3.0,59.9884,3.0,0.8234,3.0,6.0,4.0,0.0,10.0,1.3,1.2,0.1,60.0,6.0,60.0,6.0,0.65,7.0,8.0,3.0,0.0,11.0,1.545,0.636,0.909,72.727,5.0,72.727,5.0,0.773,5.0,4.0,8.0,0.0,12.0,1.0,1.333,-0.333,33.333,13.0,33.333,13.0,0.5,14.0,6.0,1.0,0.0,7.0,1.714,0.714,1.0,85.714,1.0,85.714,1.0,0.857,4.0,4.0,3.0,0.0,7.0,1.286,1.143,0.143,57.143,10.0,57.143,10.0,0.643,10.0,47.0,1.3689999999999998,1.0051999999999999,0.3638,3.0,61.78340000000001,3.0,61.78340000000001,3.0,0.6846,4.0,1.0,4.0,0.0,5.0,1.6,2.0,-0.4,20.0,15.0,20.0,17.0,0.567,17.0,5.0,0.0,0.0,5.0,3.0,1.8,1.2,100.0,1.0,100.0,1.0,1.0,1.0,6.0,2.0,0.0,8.0,2.25,1.5,0.75,75.0,1.0,75.0,1.0,0.896,2.0,7.0,4.0,0.0,11.0,2.818,2.455,0.363,63.636,4.0,63.636,4.0,0.894,3.0,4.0,3.0,0.0,7.0,3.0,2.714,0.286,57.143,7.0,57.143,7.0,0.786,9.0,36.0,2.5336,2.0938,0.43979999999999997,3.0,63.1558,4.0,63.1558,4.0,0.8286000000000001,5.0,2.0,3.0,0.0,5.0,2.0,2.2,-0.2,40.0,13.0,40.0,13.0,0.66,15.0,4.0,1.0,0.0,5.0,1.6,0.6,1.0,80.0,3.0,80.0,3.0,0.8,6.0,5.0,0.0,0.0,5.0,3.2,2.2,1.0,100.0,1.0,100.0,1.0,1.0,1.0,5.0,3.0,0.0,8.0,2.375,2.0,0.375,62.5,3.0,62.5,3.0,0.875,3.0,2.0,3.0,0.0,5.0,1.6,1.8,-0.2,40.0,11.0,40.0,11.0,0.633,16.0,4.0,3.0,0.0,7.0,1.857,1.857,0.0,57.143,8.0,57.143,8.0,0.786,7.0,35.0,2.1053333333333333,1.7761666666666667,0.32916666666666666,4.0,63.273833333333336,3.0,63.273833333333336,3.0,0.7923333333333332,5.0
12,Paris Eternal,1.0,3.0,0.0,4.0,2.75,3.25,-0.5,25.0,16.0,25.0,17.0,0.75,10.0,1.0,4.0,0.0,5.0,2.0,2.6,-0.6,20.0,16.0,20.0,16.0,0.567,18.0,3.0,1.0,1.0,5.0,2.4,2.0,0.4,60.0,4.0,70.0,4.0,0.9,4.0,1.0,6.0,1.0,8.0,1.5,2.25,-0.75,12.5,19.0,18.75,20.0,0.583,18.0,3.0,3.0,0.0,6.0,1.333,1.667,-0.334,50.0,8.0,50.0,10.0,0.611,19.0,28.0,1.9966000000000002,2.3533999999999997,-0.35680000000000006,18.0,33.5,15.0,36.75,17.0,0.6821999999999999,18.0,2.0,6.0,0.0,8.0,0.75,1.625,-0.875,25.0,19.0,25.0,19.0,0.375,19.0,1.0,7.0,0.0,8.0,0.75,1.75,-1.0,12.5,18.0,12.5,18.0,0.375,17.0,2.0,3.0,0.0,5.0,1.2,1.4,-0.2,40.0,11.0,40.0,11.0,0.6,7.0,1.0,5.0,0.0,6.0,0.833,1.667,-0.834,16.667,18.0,16.667,18.0,0.417,16.0,3.0,2.0,0.0,5.0,1.4,0.8,0.6,60.0,6.0,60.0,6.0,0.7,4.0,32.0,0.9865999999999999,1.4484,-0.46180000000000004,16.0,30.8334,18.0,30.8334,18.0,0.4934,17.0,3.0,2.0,0.0,5.0,3.2,2.6,0.6,60.0,7.0,60.0,7.0,0.9,5.0,3.0,2.0,0.0,5.0,3.8,3.6,0.2,60.0,6.0,60.0,6.0,0.91,4.0,3.0,3.0,0.0,6.0,1.667,2.0,-0.333,50.0,10.0,50.0,10.0,0.722,11.0,2.0,5.0,1.0,8.0,2.75,3.25,-0.5,25.0,16.0,31.25,14.0,0.746,13.0,1.0,3.0,0.0,4.0,1.5,2.25,-0.75,25.0,16.0,25.0,16.0,0.5,20.0,28.0,2.5834,2.7399999999999998,-0.1566,12.0,44.0,12.0,45.25,12.0,0.7556,9.0,4.0,2.0,0.0,6.0,2.167,1.667,0.5,66.667,6.0,66.667,6.0,0.861,5.0,4.0,0.0,0.0,4.0,2.5,1.5,1.0,100.0,1.0,100.0,1.0,1.0,1.0,2.0,3.0,0.0,5.0,2.0,2.4,-0.4,40.0,12.0,40.0,12.0,0.7,14.0,1.0,3.0,0.0,4.0,1.25,2.25,-1.0,25.0,17.0,25.0,17.0,0.542,19.0,3.0,2.0,0.0,5.0,3.4,2.6,0.8,60.0,6.0,60.0,6.0,0.893,6.0,2.0,2.0,0.0,4.0,3.75,3.75,0.0,50.0,9.0,50.0,9.0,0.833,4.0,28.0,2.5111666666666665,2.3611666666666666,0.15000000000000002,5.0,56.944500000000005,5.0,56.944500000000005,5.0,0.8048333333333333,3.0
13,Philadelphia Fusion,1.0,2.0,1.0,4.0,2.0,2.25,-0.25,25.0,16.0,37.5,16.0,0.792,8.0,4.0,2.0,0.0,6.0,2.167,2.0,0.167,66.667,3.0,66.667,6.0,0.833,6.0,0.0,3.0,1.0,4.0,2.25,3.0,-0.75,0.0,19.0,12.5,19.0,0.688,14.0,4.0,3.0,2.0,9.0,2.556,2.444,0.112,44.444,10.0,55.556,7.0,0.852,3.0,1.0,7.0,0.0,8.0,2.625,3.375,-0.75,12.5,18.0,12.5,19.0,0.585,20.0,31.0,2.3196,2.6138,-0.2942,15.0,29.722199999999997,18.0,36.9446,16.0,0.7499999999999999,12.0,5.0,6.0,0.0,11.0,1.182,1.273,-0.091,45.455,11.0,45.455,11.0,0.591,12.0,6.0,8.0,0.0,14.0,1.214,1.429,-0.215,42.857,13.0,42.857,13.0,0.607,12.0,2.0,4.0,0.0,6.0,1.167,1.5,-0.333,33.333,13.0,33.333,13.0,0.583,11.0,2.0,3.0,0.0,5.0,1.2,1.2,0.0,40.0,12.0,40.0,12.0,0.6,11.0,0.0,4.0,0.0,4.0,0.25,2.0,-1.75,0.0,19.0,0.0,19.0,0.125,19.0,40.0,1.0026,1.4804,-0.47780000000000006,17.0,32.32899999999999,17.0,32.32899999999999,17.0,0.5012,16.0,4.0,2.0,0.0,6.0,2.667,2.5,0.167,66.667,6.0,66.667,6.0,0.833,8.0,1.0,3.0,0.0,4.0,1.25,2.0,-0.75,25.0,16.0,25.0,17.0,0.542,16.0,6.0,2.0,0.0,8.0,2.0,1.625,0.375,75.0,1.0,75.0,1.0,0.812,5.0,4.0,4.0,0.0,8.0,2.375,2.5,-0.125,50.0,8.0,50.0,8.0,0.735,16.0,4.0,1.0,0.0,5.0,2.2,1.6,0.6,80.0,2.0,80.0,2.0,0.867,4.0,31.0,2.0984000000000003,2.045,0.0534,9.0,59.333400000000005,6.0,59.333400000000005,6.0,0.7578,8.0,2.0,2.0,0.0,4.0,1.5,1.75,-0.25,50.0,10.0,50.0,10.0,0.667,13.0,3.0,2.0,0.0,5.0,2.6,2.0,0.6,60.0,7.0,60.0,7.0,0.8,6.0,3.0,1.0,0.0,4.0,2.75,2.75,0.0,75.0,5.0,75.0,5.0,0.75,12.0,3.0,3.0,0.0,6.0,1.667,1.833,-0.166,50.0,8.0,50.0,8.0,0.667,12.0,2.0,4.0,0.0,6.0,1.167,2.0,-0.833,33.333,14.0,33.333,14.0,0.444,18.0,4.0,2.0,0.0,6.0,2.167,1.5,0.667,66.667,5.0,66.667,5.0,0.778,8.0,31.0,1.9751666666666665,1.9721666666666666,0.0030000000000000027,9.0,55.833333333333336,6.0,55.833333333333336,6.0,0.6843333333333333,11.0
14,San Francisco Shock,5.0,0.0,0.0,5.0,1.6,0.6,1.0,100.0,1.0,100.0,1.0,1.0,1.0,8.0,3.0,0.0,11.0,2.727,2.182,0.545,72.727,2.0,72.727,4.0,0.856,5.0,6.0,1.0,0.0,7.0,3.0,2.143,0.857,85.714,2.0,85.714,3.0,0.857,8.0,10.0,0.0,0.0,10.0,3.5,2.2,1.3,100.0,1.0,100.0,1.0,1.0,1.0,8.0,2.0,0.0,10.0,3.0,2.2,0.8,80.0,1.0,80.0,1.0,0.933,1.0,43.0,2.7654,1.8649999999999998,0.9004,1.0,87.68820000000001,1.0,87.68820000000001,1.0,0.9292,1.0,9.0,5.0,0.0,14.0,1.5,1.0,0.5,64.286,3.0,64.286,3.0,0.75,1.0,6.0,5.0,0.0,11.0,1.364,1.182,0.182,54.545,9.0,54.545,9.0,0.682,7.0,7.0,2.0,0.0,9.0,1.556,0.667,0.889,77.778,3.0,77.778,3.0,0.778,4.0,6.0,1.0,0.0,7.0,1.857,0.714,1.143,85.714,1.0,85.714,1.0,0.929,1.0,8.0,4.0,0.0,12.0,1.667,0.833,0.834,66.667,3.0,66.667,3.0,0.833,2.0,53.0,1.5888,0.8792,0.7096,1.0,69.798,2.0,69.798,2.0,0.7944000000000001,1.0,5.0,1.0,0.0,6.0,2.5,1.167,1.333,83.333,2.0,83.333,2.0,0.917,4.0,7.0,1.0,0.0,8.0,3.125,1.875,1.25,87.5,2.0,87.5,2.0,0.975,2.0,6.0,2.0,0.0,8.0,1.875,1.125,0.75,75.0,1.0,75.0,1.0,0.854,3.0,7.0,4.0,0.0,11.0,3.727,3.091,0.636,63.636,4.0,63.636,4.0,0.93,1.0,7.0,3.0,0.0,10.0,2.8,2.2,0.6,70.0,4.0,70.0,4.0,0.847,5.0,43.0,2.8054,1.8916,0.9138,1.0,75.8938,2.0,75.8938,2.0,0.9046,1.0,4.0,3.0,0.0,7.0,2.0,1.857,0.143,57.143,9.0,57.143,9.0,0.714,9.0,7.0,1.0,0.0,8.0,2.625,1.25,1.375,87.5,2.0,87.5,2.0,0.875,2.0,4.0,0.0,0.0,4.0,2.75,0.5,2.25,100.0,1.0,100.0,1.0,1.0,1.0,8.0,0.0,0.0,8.0,3.5,1.875,1.625,100.0,1.0,100.0,1.0,1.0,1.0,5.0,0.0,0.0,5.0,3.2,1.4,1.8,100.0,1.0,100.0,1.0,1.0,1.0,10.0,0.0,0.0,10.0,3.0,1.4,1.6,100.0,1.0,100.0,1.0,1.0,1.0,42.0,2.845833333333333,1.3803333333333334,1.4654999999999998,1.0,90.77383333333334,1.0,90.77383333333334,1.0,0.9315000000000001,1.0
15,Seoul Dynasty,3.0,3.0,0.0,6.0,2.167,1.833,0.334,50.0,7.0,50.0,8.0,0.819,7.0,4.0,1.0,1.0,6.0,2.667,2.167,0.5,66.667,3.0,75.0,2.0,0.944,2.0,3.0,1.0,1.0,5.0,2.8,2.2,0.6,60.0,4.0,70.0,4.0,0.9,4.0,2.0,6.0,1.0,9.0,1.778,2.222,-0.444,22.222,17.0,27.778,18.0,0.648,15.0,3.0,4.0,1.0,8.0,2.375,2.625,-0.25,37.5,14.0,43.75,13.0,0.688,16.0,34.0,2.3573999999999997,2.2094,0.14800000000000005,7.0,47.2778,10.0,53.305600000000005,9.0,0.7998,5.0,5.0,5.0,0.0,10.0,1.2,1.1,0.1,50.0,9.0,50.0,9.0,0.6,11.0,6.0,4.0,0.0,10.0,1.2,1.3,-0.1,60.0,7.0,60.0,7.0,0.6,13.0,4.0,6.0,0.0,10.0,1.2,1.3,-0.1,40.0,11.0,40.0,11.0,0.6,7.0,2.0,2.0,0.0,4.0,1.5,1.5,0.0,50.0,8.0,50.0,8.0,0.75,7.0,7.0,1.0,0.0,8.0,1.75,0.75,1.0,87.5,1.0,87.5,1.0,0.875,1.0,42.0,1.3699999999999999,1.19,0.18,7.0,57.5,6.0,57.5,6.0,0.6849999999999999,3.0,3.0,3.0,0.0,6.0,2.833,2.5,0.333,50.0,9.0,50.0,10.0,0.869,7.0,5.0,1.0,0.0,6.0,2.5,2.0,0.5,83.333,3.0,83.333,3.0,0.889,6.0,6.0,2.0,0.0,8.0,2.75,2.125,0.625,75.0,1.0,75.0,1.0,0.927,1.0,3.0,4.0,0.0,7.0,2.714,2.714,0.0,42.857,12.0,42.857,12.0,0.738,15.0,3.0,3.0,0.0,6.0,2.333,2.167,0.166,50.0,8.0,50.0,8.0,0.869,3.0,33.0,2.6260000000000003,2.3012,0.3248,5.0,60.238,5.0,60.238,5.0,0.8583999999999999,4.0,2.0,4.0,0.0,6.0,2.333,2.833,-0.5,33.333,15.0,33.333,15.0,0.694,12.0,2.0,3.0,0.0,5.0,1.6,2.0,-0.4,40.0,13.0,40.0,13.0,0.667,12.0,0.0,3.0,0.0,3.0,1.0,2.333,-1.333,0.0,19.0,0.0,19.0,0.333,19.0,4.0,4.0,0.0,8.0,2.625,2.625,0.0,50.0,8.0,50.0,8.0,0.771,7.0,3.0,3.0,0.0,6.0,2.667,2.833,-0.166,50.0,8.0,50.0,8.0,0.722,10.0,3.0,2.0,0.0,5.0,3.4,3.2,0.2,60.0,7.0,60.0,7.0,0.827,6.0,33.0,2.2708333333333335,2.6373333333333338,-0.3665,15.0,38.88883333333333,14.0,38.88883333333333,14.0,0.6689999999999999,14.0
16,Shanghai Dragons,2.0,2.0,1.0,5.0,1.8,2.0,-0.2,40.0,9.0,50.0,8.0,0.75,10.0,4.0,1.0,0.0,5.0,3.8,3.2,0.6,80.0,1.0,80.0,1.0,0.967,1.0,3.0,3.0,0.0,6.0,2.333,2.333,0.0,50.0,8.0,50.0,8.0,0.717,13.0,1.0,5.0,2.0,8.0,1.5,2.0,-0.5,12.5,19.0,25.0,19.0,0.562,19.0,7.0,3.0,0.0,10.0,3.6,3.2,0.4,70.0,3.0,70.0,3.0,0.875,4.0,34.0,2.6066,2.5466,0.06,9.0,50.5,8.0,55.0,7.0,0.7742000000000001,10.0,4.0,5.0,0.0,9.0,1.222,1.333,-0.111,44.444,12.0,44.444,12.0,0.611,9.0,6.0,3.0,0.0,9.0,1.556,0.889,0.667,66.667,6.0,66.667,6.0,0.778,4.0,6.0,1.0,0.0,7.0,1.714,0.857,0.857,85.714,1.0,85.714,1.0,0.857,1.0,1.0,5.0,0.0,6.0,0.833,1.667,-0.834,16.667,18.0,16.667,18.0,0.417,16.0,6.0,4.0,0.0,10.0,1.4,1.1,0.3,60.0,6.0,60.0,6.0,0.7,4.0,41.0,1.345,1.1692,0.1758,8.0,54.69839999999999,9.0,54.69839999999999,9.0,0.6725999999999999,5.0,2.0,2.0,0.0,4.0,0.75,0.75,0.0,50.0,9.0,50.0,10.0,0.5,18.0,2.0,3.0,0.0,5.0,2.4,2.4,0.0,40.0,11.0,40.0,11.0,0.8,10.0,0.0,7.0,1.0,8.0,1.625,2.5,-0.875,0.0,19.0,6.25,19.0,0.573,18.0,4.0,4.0,0.0,8.0,3.0,2.75,0.25,50.0,8.0,50.0,8.0,0.777,10.0,4.0,4.0,0.0,8.0,2.625,2.375,0.25,50.0,8.0,50.0,8.0,0.777,11.0,33.0,2.08,2.1550000000000002,-0.075,11.0,38.0,14.0,39.25,14.0,0.6854,16.0,3.0,3.0,0.0,6.0,2.333,2.167,0.166,50.0,10.0,50.0,10.0,0.85,6.0,3.0,3.0,0.0,6.0,1.167,1.5,-0.333,50.0,11.0,50.0,11.0,0.667,12.0,2.0,1.0,0.0,3.0,3.333,3.0,0.333,66.667,7.0,66.667,7.0,0.933,5.0,1.0,4.0,0.0,5.0,1.8,2.2,-0.4,20.0,18.0,20.0,18.0,0.527,20.0,2.0,3.0,0.0,5.0,2.6,2.4,0.2,40.0,11.0,40.0,11.0,0.777,8.0,3.0,5.0,0.0,8.0,2.0,2.125,-0.125,37.5,13.0,37.5,13.0,0.569,14.0,33.0,2.2055000000000002,2.232,-0.0265,10.0,44.02783333333334,11.0,44.02783333333334,11.0,0.7205,9.0
17,Toronto Defiant,2.0,3.0,0.0,5.0,1.8,2.2,-0.4,40.0,9.0,40.0,12.0,0.7,14.0,1.0,5.0,0.0,6.0,2.333,3.167,-0.834,16.667,17.0,16.667,17.0,0.667,14.0,1.0,3.0,0.0,4.0,2.5,3.25,-0.75,25.0,13.0,25.0,14.0,0.575,18.0,3.0,3.0,0.0,6.0,1.5,1.5,0.0,50.0,8.0,50.0,9.0,0.667,14.0,4.0,2.0,2.0,8.0,1.375,1.125,0.25,50.0,8.0,62.5,7.0,0.833,8.0,29.0,1.9015999999999997,2.2484,-0.3468,17.0,36.3334,13.0,38.8334,14.0,0.6884,17.0,4.0,6.0,0.0,10.0,1.1,1.4,-0.3,40.0,15.0,40.0,15.0,0.55,13.0,6.0,1.0,0.0,7.0,1.714,0.714,1.0,85.714,1.0,85.714,1.0,0.857,1.0,1.0,4.0,0.0,5.0,0.8,1.8,-1.0,20.0,18.0,20.0,18.0,0.4,18.0,1.0,3.0,0.0,4.0,0.75,1.75,-1.0,25.0,17.0,25.0,17.0,0.375,19.0,2.0,4.0,0.0,6.0,0.833,1.333,-0.5,33.333,13.0,33.333,13.0,0.417,13.0,32.0,1.0394,1.3994,-0.36,15.0,40.8094,15.0,40.8094,15.0,0.5197999999999999,15.0,1.0,4.0,0.0,5.0,2.0,2.8,-0.8,20.0,15.0,20.0,17.0,0.65,12.0,0.0,4.0,0.0,4.0,1.5,2.75,-1.25,0.0,18.0,0.0,19.0,0.521,18.0,1.0,4.0,2.0,7.0,1.857,2.857,-1.0,14.286,17.0,28.571,16.0,0.607,16.0,4.0,5.0,0.0,9.0,1.333,1.889,-0.556,44.444,11.0,44.444,11.0,0.611,19.0,0.0,4.0,0.0,4.0,2.5,3.5,-1.0,0.0,20.0,0.0,20.0,0.679,15.0,29.0,1.8380000000000003,2.7592,-0.9212,20.0,15.746,20.0,18.603,20.0,0.6136000000000001,19.0,1.0,5.0,0.0,6.0,1.833,2.667,-0.834,16.667,19.0,16.667,19.0,0.569,18.0,0.0,5.0,0.0,5.0,1.6,2.6,-1.0,0.0,18.0,0.0,18.0,0.533,16.0,1.0,3.0,0.0,4.0,1.75,2.25,-0.5,25.0,13.0,25.0,13.0,0.75,12.0,2.0,3.0,0.0,5.0,2.0,2.2,-0.2,40.0,14.0,40.0,14.0,0.667,12.0,3.0,1.0,0.0,4.0,3.25,3.0,0.25,75.0,4.0,75.0,4.0,0.917,3.0,1.0,3.0,0.0,4.0,2.0,3.5,-1.5,25.0,15.0,25.0,15.0,0.417,20.0,28.0,2.0721666666666665,2.702833333333333,-0.6306666666666667,20.0,30.277833333333334,20.0,30.277833333333334,20.0,0.6421666666666667,18.0
18,Vancouver Titans,4.0,1.0,0.0,5.0,2.4,1.8,0.6,80.0,3.0,80.0,4.0,0.9,5.0,3.0,2.0,0.0,5.0,1.8,1.6,0.2,60.0,7.0,60.0,8.0,0.733,11.0,3.0,3.0,0.0,6.0,1.667,1.667,0.0,50.0,8.0,50.0,8.0,0.806,10.0,10.0,5.0,0.0,15.0,2.2,1.933,0.267,66.667,2.0,66.667,2.0,0.844,5.0,6.0,3.0,0.0,9.0,2.444,2.222,0.222,66.667,4.0,66.667,4.0,0.861,5.0,40.0,2.1022,1.8443999999999998,0.25780000000000003,2.0,64.66680000000001,2.0,64.66680000000001,2.0,0.8288,2.0,9.0,3.0,0.0,12.0,1.5,0.833,0.667,75.0,1.0,75.0,1.0,0.75,1.0,11.0,3.0,0.0,14.0,1.643,0.714,0.929,78.571,3.0,78.571,3.0,0.821,3.0,10.0,3.0,0.0,13.0,1.538,0.923,0.615,76.923,4.0,76.923,4.0,0.769,5.0,3.0,3.0,0.0,6.0,1.333,1.0,0.333,50.0,8.0,50.0,8.0,0.667,9.0,5.0,2.0,0.0,7.0,1.571,0.571,1.0,71.429,2.0,71.429,2.0,0.786,3.0,52.0,1.517,0.8081999999999999,0.7088000000000001,2.0,70.3846,1.0,70.3846,1.0,0.7585999999999999,2.0,5.0,1.0,0.0,6.0,3.0,2.167,0.833,83.333,2.0,83.333,2.0,0.889,6.0,4.0,2.0,0.0,6.0,2.667,2.167,0.5,66.667,5.0,66.667,5.0,0.903,5.0,6.0,3.0,0.0,9.0,1.889,1.556,0.333,66.667,7.0,66.667,7.0,0.806,6.0,10.0,2.0,0.0,12.0,3.0,2.417,0.583,83.333,2.0,83.333,2.0,0.917,2.0,6.0,1.0,0.0,7.0,2.571,1.714,0.857,85.714,1.0,85.714,1.0,0.905,2.0,40.0,2.6254,2.0042,0.6212,2.0,77.1428,1.0,77.1428,1.0,0.884,2.0,4.0,1.0,0.0,5.0,2.2,1.6,0.6,80.0,1.0,80.0,1.0,0.867,4.0,2.0,4.0,0.0,6.0,1.0,1.667,-0.667,33.333,15.0,33.333,15.0,0.5,17.0,5.0,0.0,0.0,5.0,3.4,2.2,1.2,100.0,1.0,100.0,1.0,1.0,1.0,4.0,3.0,0.0,7.0,2.571,2.429,0.142,57.143,7.0,57.143,7.0,0.869,4.0,3.0,2.0,0.0,5.0,3.6,3.0,0.6,60.0,6.0,60.0,6.0,0.91,5.0,7.0,2.0,0.0,9.0,3.222,2.222,1.0,77.778,2.0,77.778,2.0,0.935,2.0,37.0,2.6654999999999998,2.1863333333333332,0.4791666666666667,2.0,68.04233333333333,2.0,68.04233333333333,2.0,0.8468333333333332,2.0
19,Washington Justice,2.0,2.0,1.0,5.0,1.4,1.4,0.0,40.0,9.0,50.0,8.0,0.733,12.0,1.0,3.0,0.0,4.0,1.25,2.25,-1.0,25.0,15.0,25.0,15.0,0.542,19.0,1.0,1.0,2.0,4.0,1.25,1.25,0.0,25.0,13.0,50.0,8.0,0.875,7.0,3.0,5.0,0.0,8.0,1.625,2.125,-0.5,37.5,13.0,37.5,13.0,0.615,16.0,2.0,3.0,2.0,7.0,2.429,2.857,-0.428,28.571,16.0,42.857,14.0,0.686,17.0,28.0,1.5908000000000002,1.9764000000000004,-0.3856,19.0,31.214199999999998,17.0,41.0714,13.0,0.6901999999999999,16.0,4.0,6.0,0.0,10.0,1.0,1.6,-0.6,40.0,15.0,40.0,15.0,0.5,16.0,6.0,2.0,0.0,8.0,1.5,1.0,0.5,75.0,4.0,75.0,4.0,0.75,6.0,1.0,3.0,0.0,4.0,0.75,1.75,-1.0,25.0,16.0,25.0,16.0,0.375,19.0,2.0,4.0,0.0,6.0,1.0,1.667,-0.667,33.333,14.0,33.333,14.0,0.5,13.0,0.0,5.0,0.0,5.0,0.0,2.0,-2.0,0.0,19.0,0.0,19.0,0.0,20.0,33.0,0.85,1.6034,-0.7534000000000001,19.0,34.6666,16.0,34.6666,16.0,0.425,18.0,3.0,2.0,0.0,5.0,1.6,1.4,0.2,60.0,7.0,60.0,7.0,0.833,8.0,0.0,5.0,0.0,5.0,1.2,2.8,-1.6,0.0,18.0,0.0,19.0,0.433,20.0,3.0,4.0,0.0,7.0,1.857,2.429,-0.572,42.857,13.0,42.857,13.0,0.655,14.0,1.0,5.0,1.0,7.0,1.857,2.429,-0.572,14.286,20.0,21.429,20.0,0.571,20.0,1.0,3.0,0.0,4.0,2.0,2.5,-0.5,25.0,16.0,25.0,16.0,0.604,18.0,28.0,1.7027999999999999,2.3116,-0.6088,18.0,28.4286,18.0,29.8572,19.0,0.6192,18.0,1.0,4.0,0.0,5.0,2.6,3.2,-0.6,20.0,17.0,20.0,17.0,0.643,16.0,3.0,2.0,0.0,5.0,2.0,1.6,0.4,60.0,7.0,60.0,7.0,0.667,12.0,2.0,2.0,0.0,4.0,2.25,2.25,0.0,50.0,10.0,50.0,10.0,0.833,9.0,1.0,4.0,0.0,5.0,2.0,3.0,-1.0,20.0,18.0,20.0,18.0,0.583,17.0,2.0,2.0,0.0,4.0,1.75,2.25,-0.5,50.0,8.0,50.0,8.0,0.667,15.0,0.0,5.0,0.0,5.0,1.6,3.0,-1.4,0.0,18.0,0.0,18.0,0.517,17.0,28.0,2.033333333333333,2.5500000000000003,-0.5166666666666666,18.0,33.333333333333336,17.0,33.333333333333336,17.0,0.6516666666666666,17.0
