Team Name,Hanamura_wins,Hanamura_losses,Hanamura_draws,Hanamura_times_played,Hanamura_average_points_earned,Hanamura_average_points_lost,Hanamura_average_points_differential,Hanamura_win_perc,Hanamura_win_perc_rank,Hanamura_true_perc,Hanamura_true_perc_rank,Hanamura_map_potential_perc,Hanamura_map_potential_perc_rank,Horizon Lunar Colony_wins,Horizon Lunar Colony_losses,Horizon Lunar Colony_draws,Horizon Lunar Colony_times_played,Horizon Lunar Colony_average_points_earned,Horizon Lunar Colony_average_points_lost,Horizon Lunar Colony_average_points_differential,Horizon Lunar Colony_win_perc,Horizon Lunar Colony_win_perc_rank,Horizon Lunar Colony_true_perc,Horizon Lunar Colony_true_perc_rank,Horizon Lunar Colony_map_potential_perc,Horizon Lunar Colony_map_potential_perc_rank,Paris_wins,Paris_losses,Paris_draws,Paris_times_played,Paris_average_points_earned,Paris_average_points_lost,Paris_average_points_differential,Paris_win_perc,Paris_win_perc_rank,Paris_true_perc,Paris_true_perc_rank,Paris_map_potential_perc,Paris_map_potential_perc_rank,Temple of Anubis_wins,Temple of Anubis_losses,Temple of Anubis_draws,Temple of Anubis_times_played,Temple of Anubis_average_points_earned,Temple of Anubis_average_points_lost,Temple of Anubis_average_points_differential,Temple of Anubis_win_perc,Temple of Anubis_win_perc_rank,Temple of Anubis_true_perc,Temple of Anubis_true_perc_rank,Temple of Anubis_map_potential_perc,Temple of Anubis_map_potential_perc_rank,Volskaya Industries_wins,Volskaya Industries_losses,Volskaya Industries_draws,Volskaya Industries_times_played,Volskaya Industries_average_points_earned,Volskaya Industries_average_points_lost,Volskaya Industries_average_points_differential,Volskaya Industries_win_perc,Volskaya Industries_win_perc_rank,Volskaya Industries_true_perc,Volskaya Industries_true_perc_rank,Volskaya Industries_map_potential_perc,Volskaya Industries_map_potential_perc_rank,Total Assault Played,Average Assault Points Earned,Average Assault Points Lost,Average Assault Points Differential,Average Assault Points Differential Rank,Average Assault Win %,Average Assault Win % Rank,Average Assault True Win %,Average Assault True Win % Rank,Average Assault Map Potential %,Average Assault Map Potential % Rank,Busan_wins,Busan_losses,Busan_draws,Busan_times_played,Busan_average_points_earned,Busan_average_points_lost,Busan_average_points_differential,Busan_win_perc,Busan_win_perc_rank,Busan_true_perc,Busan_true_perc_rank,Busan_map_potential_perc,Busan_map_potential_perc_rank,Ilios_wins,Ilios_losses,Ilios_draws,Ilios_times_played,Ilios_average_points_earned,Ilios_average_points_lost,Ilios_average_points_differential,Ilios_win_perc,Ilios_win_perc_rank,Ilios_true_perc,Ilios_true_perc_rank,Ilios_map_potential_perc,Ilios_map_potential_perc_rank,Lijiang Tower_wins,Lijiang Tower_losses,Lijiang Tower_draws,Lijiang Tower_times_played,Lijiang Tower_average_points_earned,Lijiang Tower_average_points_lost,Lijiang Tower_average_points_differential,Lijiang Tower_win_perc,Lijiang Tower_win_perc_rank,Lijiang Tower_true_perc,Lijiang Tower_true_perc_rank,Lijiang Tower_map_potential_perc,Lijiang Tower_map_potential_perc_rank,Nepal_wins,Nepal_losses,Nepal_draws,Nepal_times_played,Nepal_average_points_earned,Nepal_average_points_lost,Nepal_average_points_differential,Nepal_win_perc,Nepal_win_perc_rank,Nepal_true_perc,Nepal_true_perc_rank,Nepal_map_potential_perc,Nepal_map_potential_perc_rank,Oasis_wins,Oasis_losses,Oasis_draws,Oasis_times_played,Oasis_average_points_earned,Oasis_average_points_lost,Oasis_average_points_differential,Oasis_win_perc,Oasis_win_perc_rank,Oasis_true_perc,Oasis_true_perc_rank,Oasis_map_potential_perc,Oasis_map_potential_perc_rank,Total Control Played,Average Control Points Earned,Average Control Points Lost,Average Control Points Differential,Average Control Points Differential Rank,Average Control Win %,Average Control Win % Rank,Average Control True Win %,Average Control True Win % Rank,Average Control Map Potential %,Average Control Map Potential % Rank,Blizzard World_wins,Blizzard World_losses,Blizzard World_draws,Blizzard World_times_played,Blizzard World_average_points_earned,Blizzard World_average_points_lost,Blizzard World_average_points_differential,Blizzard World_win_perc,Blizzard World_win_perc_rank,Blizzard World_true_perc,Blizzard World_true_perc_rank,Blizzard World_map_potential_perc,Blizzard World_map_potential_perc_rank,Eichenwalde_wins,Eichenwalde_losses,Eichenwalde_draws,Eichenwalde_times_played,Eichenwalde_average_points_earned,Eichenwalde_average_points_lost,Eichenwalde_average_points_differential,Eichenwalde_win_perc,Eichenwalde_win_perc_rank,Eichenwalde_true_perc,Eichenwalde_true_perc_rank,Eichenwalde_map_potential_perc,Eichenwalde_map_potential_perc_rank,Hollywood_wins,Hollywood_losses,Hollywood_draws,Hollywood_times_played,Hollywood_average_points_earned,Hollywood_average_points_lost,Hollywood_average_points_differential,Hollywood_win_perc,Hollywood_win_perc_rank,Hollywood_true_perc,Hollywood_true_perc_rank,Hollywood_map_potential_perc,Hollywood_map_potential_perc_rank,King's Row_wins,King's Row_losses,King's Row_draws,King's Row_times_played,King's Row_average_points_earned,King's Row_average_points_lost,King's Row_average_points_differential,King's Row_win_perc,King's Row_win_perc_rank,King's Row_true_perc,King's Row_true_perc_rank,King's Row_map_potential_perc,King's Row_map_potential_perc_rank,Numbani_wins,Numbani_losses,Numbani_draws,Numbani_times_played,Numbani_average_points_earned,Numbani_average_points_lost,Numbani_average_points_differential,Numbani_win_perc,Numbani_win_perc_rank,Numbani_true_perc,Numbani_true_perc_rank,Numbani_map_potential_perc,Numbani_map_potential_perc_rank,Total Hybrid Played,Average Hybrid Points Earned,Average Hybrid Points Lost,Average Hybrid Points Differential,Average Hybrid Points Differential Rank,Average Hybrid Win %,Average Hybrid Win % Rank,Average Hybrid True Win %,Average Hybrid True Win % Rank,Average Hybrid Map Potential %,Average Hybrid Map Potential % Rank,Dorado_wins,Dorado_losses,Dorado_draws,Dorado_times_played,Dorado_average_points_earned,Dorado_average_points_lost,Dorado_average_points_differential,Dorado_win_perc,Dorado_win_perc_rank,Dorado_true_perc,Dorado_true_perc_rank,Dorado_map_potential_perc,Dorado_map_potential_perc_rank,Havana_wins,Havana_losses,Havana_draws,Havana_times_played,Havana_average_points_earned,Havana_average_points_lost,Havana_average_points_differential,Havana_win_perc,Havana_win_perc_rank,Havana_true_perc,Havana_true_perc_rank,Havana_map_potential_perc,Havana_map_potential_perc_rank,Junkertown_wins,Junkertown_losses,Junkertown_draws,Junkertown_times_played,Junkertown_average_points_earned,Junkertown_average_points_lost,Junkertown_average_points_differential,Junkertown_win_perc,Junkertown_win_perc_rank,Junkertown_true_perc,Junkertown_true_perc_rank,Junkertown_map_potential_perc,Junkertown_map_potential_perc_rank,Rialto_wins,Rialto_losses,Rialto_draws,Rialto_times_played,Rialto_average_points_earned,Rialto_average_points_lost,Rialto_average_points_differential,Rialto_win_perc,Rialto_win_perc_rank,Rialto_true_perc,Rialto_true_perc_rank,Rialto_map_potential_perc,Rialto_map_potential_perc_rank,Route 66_wins,Route 66_losses,Route 66_draws,Route 66_times_played,Route 66_average_points_earned,Route 66_average_points_lost,Route 66_average_points_differential,Route 66_win_perc,Route 66_win_perc_rank,Route 66_true_perc,Route 66_true_perc_rank,Route 66_map_potential_perc,Route 66_map_potential_perc_rank,Watchpoint: Gibraltar_wins,Watchpoint: Gibraltar_losses,Watchpoint: Gibraltar_draws,Watchpoint: Gibraltar_times_played,Watchpoint: Gibraltar_average_points_earned,Watchpoint: Gibraltar_average_points_lost,Watchpoint: Gibraltar_average_points_differential,Watchpoint: Gibraltar_win_perc,Watchpoint: Gibraltar_win_perc_rank,Watchpoint: Gibraltar_true_perc,Watchpoint: Gibraltar_true_perc_rank,Watchpoint: Gibraltar_map_potential_perc,Watchpoint: Gibraltar_map_potential_perc_rank,Total Escort Played,Average Escort Points Earned,Average Escort Points Lost,Average Escort Points Differential,Average Escort Points Differential Rank,Average Escort Win %,Average Escort Win % Rank,Average Escort True Win %,Average Escort True Win % Rank,Average Escort Map Potential %,Average Escort Map Potential % Rank
Atlanta Reign,2.0,2.0,1.0,5.0,3.0,2.8,0.2,40.0,9.0,50.0,7.0,0.655,4.0,3.0,2.0,0.0,5.0,2.2,1.8,0.4,60.0,7.0,60.0,8.0,0.367,16.0,2.0,2.0,0.0,4.0,1.5,1.5,0.0,50.0,8.0,50.0,8.0,0.333,19.0,5.0,2.0,0.0,7.0,2.0,1.429,0.571,71.429,3.0,71.429,4.0,0.476,10.0,3.0,5.0,0.0,8.0,3.375,3.625,-0.25,37.5,14.0,37.5,16.0,0.656,5.0,29.0,2.415,2.2308,0.1842,6.0,51.724137931034484,7.0,53.44827586206896,7.0,5.6487,9.0,5.0,6.0,0.0,11.0,1.091,1.182,-0.091,45.455,12.0,45.455,12.0,0.136,17.0,8.0,2.0,0.0,10.0,1.7,0.9,0.8,80.0,2.0,80.0,2.0,0.3,3.0,4.0,1.0,0.0,5.0,1.6,0.6,1.0,80.0,3.0,80.0,3.0,0.1,17.0,2.0,3.0,0.0,5.0,0.8,1.6,-0.8,40.0,12.0,40.0,12.0,0.2,14.0,3.0,3.0,0.0,6.0,1.167,1.167,0.0,50.0,12.0,50.0,12.0,0.167,8.0,37.0,1.2715999999999998,1.0897999999999999,0.18180000000000002,8.0,59.45945945945946,6.0,59.45945945945946,6.0,5.9903,7.0,4.0,1.0,0.0,5.0,2.0,1.0,1.0,80.0,4.0,80.0,4.0,0.25,18.0,3.0,2.0,0.0,5.0,2.6,2.2,0.4,60.0,6.0,60.0,6.0,0.583,6.0,4.0,2.0,0.0,6.0,1.667,1.167,0.5,66.667,7.0,66.667,7.0,0.333,18.0,3.0,6.0,0.0,9.0,2.778,3.111,-0.333,33.333,13.0,33.333,13.0,0.653,5.0,3.0,1.0,0.0,4.0,2.75,2.5,0.25,75.0,3.0,75.0,3.0,0.512,14.0,29.0,2.359,1.9956,0.3634,5.0,58.620689655172406,6.0,58.620689655172406,6.0,6.3331,5.0,3.0,2.0,0.0,5.0,2.2,1.6,0.6,60.0,7.0,60.0,7.0,0.467,9.0,3.0,1.0,0.0,4.0,2.0,1.5,0.5,75.0,4.0,75.0,4.0,0.542,2.0,2.0,2.0,0.0,4.0,2.5,2.5,0.0,50.0,10.0,50.0,10.0,0.667,5.0,3.0,3.0,0.0,6.0,2.167,2.833,-0.666,50.0,9.0,50.0,9.0,0.472,9.0,5.0,1.0,0.0,6.0,2.5,1.833,0.667,83.333,3.0,83.333,3.0,0.522,8.0,0.0,4.0,0.0,4.0,3.75,4.75,-1.0,0.0,18.0,0.0,18.0,0.783,1.0,29.0,2.5195000000000003,2.502666666666667,0.01683333333333333,9.0,55.172413793103445,7.0,55.172413793103445,7.0,3.1210833333333334,20.0
Boston Uprising,1.0,4.0,0.0,5.0,1.6,2.2,-0.6,20.0,18.0,20.0,18.0,0.483,11.0,2.0,2.0,1.0,5.0,3.0,3.0,0.0,40.0,12.0,50.0,11.0,0.62,3.0,0.0,4.0,1.0,5.0,2.8,3.6,-0.8,0.0,19.0,10.0,20.0,0.76,2.0,3.0,5.0,0.0,8.0,2.0,2.0,0.0,37.5,13.0,37.5,13.0,0.49,9.0,3.0,3.0,0.0,6.0,2.333,2.333,0.0,50.0,8.0,50.0,10.0,0.611,6.0,29.0,2.3465999999999996,2.6266000000000003,-0.27999999999999997,14.0,31.03448275862069,18.0,34.48275862068966,19.0,3.3964,19.0,2.0,7.0,0.0,9.0,0.667,1.556,-0.889,22.222,20.0,22.222,20.0,0.111,18.0,3.0,7.0,0.0,10.0,0.9,1.5,-0.6,30.0,16.0,30.0,16.0,0.2,13.0,1.0,5.0,0.0,6.0,0.833,1.667,-0.834,16.667,19.0,16.667,19.0,0.25,7.0,3.0,4.0,0.0,7.0,0.857,1.429,-0.572,42.857,11.0,42.857,11.0,0.143,20.0,2.0,4.0,0.0,6.0,0.833,1.667,-0.834,33.333,13.0,33.333,13.0,0.25,1.0,38.0,0.8180000000000002,1.5638,-0.7458,18.0,28.947368421052634,18.0,28.947368421052634,18.0,5.9954,6.0,2.0,3.0,0.0,5.0,1.8,2.4,-0.6,40.0,12.0,40.0,13.0,0.483,9.0,3.0,2.0,0.0,5.0,2.8,2.4,0.4,60.0,6.0,60.0,6.0,0.593,5.0,1.0,5.0,0.0,6.0,1.333,2.0,-0.667,16.667,16.0,16.667,17.0,0.472,7.0,2.0,6.0,0.0,8.0,2.625,3.125,-0.5,25.0,17.0,25.0,18.0,0.677,3.0,3.0,2.0,0.0,5.0,2.6,2.4,0.2,60.0,7.0,60.0,7.0,0.543,10.0,29.0,2.2316,2.4650000000000003,-0.2334,15.0,37.93103448275862,13.0,37.93103448275862,14.0,3.6768,18.0,3.0,3.0,0.0,6.0,2.167,1.833,0.334,50.0,9.0,50.0,9.0,0.431,15.0,2.0,3.0,0.0,5.0,2.4,2.4,0.0,40.0,13.0,40.0,13.0,0.42,11.0,0.0,4.0,0.0,4.0,1.0,2.25,-1.25,0.0,19.0,0.0,19.0,0.333,17.0,3.0,2.0,0.0,5.0,1.8,1.6,0.2,60.0,5.0,60.0,5.0,0.383,14.0,1.0,3.0,0.0,4.0,1.5,2.0,-0.5,25.0,16.0,25.0,16.0,0.458,11.0,1.0,3.0,0.0,4.0,2.5,3.25,-0.75,25.0,15.0,25.0,15.0,0.525,6.0,28.0,1.8945,2.222166666666667,-0.32766666666666666,14.0,35.714285714285715,16.0,35.714285714285715,16.0,6.379166666666667,5.0
Chengdu Hunters,2.0,3.0,0.0,5.0,1.8,2.0,-0.2,40.0,9.0,40.0,11.0,0.483,11.0,2.0,2.0,0.0,4.0,2.25,2.25,0.0,50.0,11.0,50.0,11.0,0.388,14.0,2.0,2.0,1.0,5.0,2.8,2.8,0.0,40.0,12.0,50.0,8.0,0.593,5.0,4.0,2.0,0.0,6.0,1.667,1.167,0.5,66.667,4.0,66.667,5.0,0.361,18.0,1.0,7.0,0.0,8.0,2.625,3.375,-0.75,12.5,18.0,12.5,19.0,0.69,4.0,28.0,2.2283999999999997,2.3184,-0.09,12.0,39.285714285714285,12.0,41.07142857142857,13.0,5.4515,13.0,4.0,6.0,0.0,10.0,1.0,1.3,-0.3,40.0,15.0,40.0,15.0,0.15,15.0,5.0,6.0,0.0,11.0,1.273,1.364,-0.091,45.455,12.0,45.455,12.0,0.318,2.0,3.0,2.0,0.0,5.0,1.2,1.2,0.0,60.0,7.0,60.0,7.0,0.2,13.0,5.0,1.0,0.0,6.0,1.667,0.833,0.834,83.333,3.0,83.333,3.0,0.25,7.0,4.0,2.0,0.0,6.0,1.333,1.167,0.166,66.667,3.0,66.667,3.0,0.25,1.0,38.0,1.2946,1.1728,0.12179999999999999,10.0,55.26315789473685,7.0,55.26315789473685,7.0,3.9168,15.0,4.0,0.0,0.0,4.0,3.0,1.5,1.5,100.0,1.0,100.0,1.0,0.479,12.0,2.0,3.0,0.0,5.0,3.0,2.8,0.2,40.0,12.0,40.0,12.0,0.527,13.0,3.0,3.0,0.0,6.0,1.833,1.667,0.166,50.0,10.0,50.0,10.0,0.431,11.0,2.0,6.0,0.0,8.0,1.75,2.25,-0.5,25.0,17.0,25.0,18.0,0.49,19.0,2.0,3.0,0.0,5.0,3.0,3.4,-0.4,40.0,10.0,40.0,12.0,0.687,1.0,28.0,2.5166,2.3234,0.19319999999999998,7.0,46.42857142857143,11.0,46.42857142857143,11.0,5.8614,6.0,3.0,2.0,0.0,5.0,1.8,1.8,0.0,60.0,7.0,60.0,7.0,0.467,9.0,0.0,4.0,0.0,4.0,1.25,2.75,-1.5,0.0,18.0,0.0,18.0,0.354,14.0,1.0,5.0,0.0,6.0,2.333,3.0,-0.667,16.667,17.0,16.667,17.0,0.572,9.0,2.0,3.0,0.0,5.0,2.0,2.2,-0.2,40.0,13.0,40.0,13.0,0.6,2.0,1.0,3.0,0.0,4.0,1.75,2.25,-0.5,25.0,16.0,25.0,16.0,0.583,5.0,3.0,1.0,0.0,4.0,2.5,1.5,1.0,75.0,4.0,75.0,4.0,0.271,16.0,28.0,1.9388333333333332,2.25,-0.31116666666666665,13.0,35.714285714285715,16.0,35.714285714285715,16.0,4.820583333333333,12.0
Dallas Fuel,0.0,5.0,0.0,5.0,1.2,2.4,-1.2,0.0,19.0,0.0,20.0,0.467,13.0,0.0,3.0,1.0,4.0,2.25,3.0,-0.75,0.0,19.0,12.5,19.0,0.604,4.0,3.0,1.0,1.0,5.0,2.4,2.2,0.2,60.0,4.0,70.0,4.0,0.593,5.0,3.0,5.0,0.0,8.0,1.625,2.125,-0.5,37.5,13.0,37.5,13.0,0.375,17.0,1.0,5.0,1.0,7.0,3.571,4.143,-0.572,14.286,17.0,21.429,18.0,0.795,1.0,29.0,2.2092,2.7736000000000005,-0.5644,20.0,24.137931034482758,20.0,29.310344827586203,20.0,4.2834,15.0,5.0,3.0,0.0,8.0,1.25,1.125,0.125,62.5,5.0,62.5,5.0,0.188,10.0,3.0,4.0,0.0,7.0,1.0,1.429,-0.429,42.857,14.0,42.857,14.0,0.214,11.0,3.0,2.0,0.0,5.0,1.2,1.0,0.2,60.0,7.0,60.0,7.0,0.1,17.0,2.0,5.0,0.0,7.0,0.857,1.571,-0.714,28.571,16.0,28.571,16.0,0.214,12.0,4.0,2.0,0.0,6.0,1.333,0.667,0.666,66.667,3.0,66.667,3.0,0.0,18.0,33.0,1.1280000000000001,1.1583999999999999,-0.030399999999999983,12.0,51.515151515151516,10.0,51.515151515151516,10.0,6.871600000000001,4.0,1.0,3.0,0.0,4.0,2.25,3.0,-0.75,25.0,14.0,25.0,16.0,0.542,6.0,2.0,2.0,0.0,4.0,2.0,2.0,0.0,50.0,9.0,50.0,9.0,0.583,6.0,1.0,6.0,0.0,7.0,1.714,2.714,-1.0,14.286,17.0,14.286,18.0,0.548,2.0,5.0,5.0,0.0,10.0,2.5,2.4,0.1,50.0,8.0,50.0,8.0,0.575,12.0,1.0,3.0,0.0,4.0,2.25,2.75,-0.5,25.0,15.0,25.0,15.0,0.521,12.0,29.0,2.1428000000000003,2.5728,-0.43,16.0,34.48275862068966,15.0,34.48275862068966,16.0,4.0769,17.0,2.0,3.0,0.0,5.0,2.4,3.0,-0.6,40.0,13.0,40.0,13.0,0.56,5.0,1.0,4.0,0.0,5.0,1.8,2.4,-0.6,20.0,16.0,20.0,16.0,0.383,12.0,1.0,4.0,0.0,5.0,2.2,3.2,-1.0,20.0,16.0,20.0,16.0,0.51,13.0,3.0,2.0,0.0,5.0,1.8,1.4,0.4,60.0,5.0,60.0,5.0,0.3,19.0,1.0,3.0,0.0,4.0,2.75,3.25,-0.5,25.0,16.0,25.0,16.0,0.679,1.0,1.0,3.0,0.0,4.0,2.5,3.5,-1.0,25.0,15.0,25.0,15.0,0.554,4.0,28.0,2.2416666666666667,2.7916666666666665,-0.55,19.0,32.142857142857146,18.0,32.142857142857146,18.0,4.748833333333334,14.0
Florida Mayhem,5.0,1.0,0.0,6.0,3.167,2.333,0.834,83.333,2.0,83.333,3.0,0.639,5.0,0.0,5.0,0.0,5.0,2.6,3.6,-1.0,0.0,19.0,0.0,20.0,0.603,5.0,1.0,3.0,0.0,4.0,1.5,2.0,-0.5,25.0,13.0,25.0,14.0,0.542,11.0,1.0,3.0,2.0,6.0,2.333,2.833,-0.5,16.667,18.0,33.333,16.0,0.667,1.0,3.0,3.0,1.0,7.0,2.429,2.286,0.143,42.857,12.0,50.0,10.0,0.538,12.0,28.0,2.4058,2.6104,-0.20459999999999998,13.0,35.714285714285715,14.0,41.07142857142857,13.0,3.6989000000000005,17.0,3.0,4.0,0.0,7.0,1.0,1.286,-0.286,42.857,13.0,42.857,13.0,0.143,16.0,1.0,9.0,0.0,10.0,0.5,1.8,-1.3,10.0,19.0,10.0,19.0,0.15,17.0,1.0,3.0,0.0,4.0,1.0,1.5,-0.5,25.0,16.0,25.0,16.0,0.25,7.0,1.0,5.0,0.0,6.0,0.667,1.667,-1.0,16.667,18.0,16.667,18.0,0.167,18.0,1.0,4.0,0.0,5.0,0.6,1.6,-1.0,20.0,17.0,20.0,17.0,0.1,11.0,32.0,0.7534,1.5706,-0.8172,20.0,21.875,20.0,21.875,20.0,6.981,2.0,1.0,3.0,1.0,5.0,2.2,2.6,-0.4,20.0,15.0,30.0,14.0,0.6,3.0,0.0,4.0,1.0,5.0,1.4,3.0,-1.6,0.0,18.0,10.0,18.0,0.467,16.0,3.0,3.0,0.0,6.0,1.833,1.833,0.0,50.0,10.0,50.0,10.0,0.5,5.0,2.0,5.0,0.0,7.0,2.429,2.857,-0.428,28.571,16.0,28.571,17.0,0.598,9.0,2.0,3.0,0.0,5.0,2.4,2.6,-0.2,40.0,10.0,40.0,12.0,0.543,10.0,28.0,2.0524,2.578,-0.5256000000000001,17.0,28.57142857142857,18.0,32.142857142857146,18.0,4.5708,15.0,1.0,3.0,0.0,4.0,2.25,3.0,-0.75,25.0,16.0,25.0,16.0,0.575,4.0,1.0,4.0,0.0,5.0,1.2,2.2,-1.0,20.0,16.0,20.0,16.0,0.367,13.0,1.0,5.0,0.0,6.0,2.833,3.5,-0.667,16.667,17.0,16.667,17.0,0.711,1.0,3.0,2.0,0.0,5.0,1.4,2.0,-0.6,60.0,5.0,60.0,5.0,0.333,17.0,3.0,1.0,0.0,4.0,2.25,1.5,0.75,75.0,4.0,75.0,4.0,0.292,18.0,2.0,2.0,0.0,4.0,1.25,1.75,-0.5,50.0,9.0,50.0,9.0,0.292,14.0,28.0,1.8638333333333332,2.3249999999999997,-0.46116666666666667,17.0,39.285714285714285,13.0,39.285714285714285,13.0,5.797499999999999,8.0
Guangzhou Charge,2.0,3.0,0.0,5.0,2.6,2.6,0.0,40.0,9.0,40.0,11.0,0.321,19.0,4.0,0.0,0.0,4.0,3.25,2.25,1.0,100.0,1.0,100.0,1.0,0.521,10.0,1.0,5.0,0.0,6.0,1.0,2.167,-1.167,16.667,18.0,16.667,18.0,0.194,20.0,3.0,3.0,0.0,6.0,1.667,1.667,0.0,50.0,7.0,50.0,8.0,0.319,20.0,5.0,2.0,0.0,7.0,2.429,1.714,0.715,71.429,2.0,71.429,2.0,0.448,18.0,28.0,2.1892,2.0796,0.10959999999999999,8.0,53.57142857142857,6.0,53.57142857142857,6.0,8.8803,1.0,7.0,2.0,0.0,9.0,1.556,0.444,1.112,77.778,1.0,77.778,1.0,0.0,20.0,5.0,5.0,0.0,10.0,1.3,1.1,0.2,50.0,10.0,50.0,10.0,0.2,13.0,4.0,2.0,0.0,6.0,1.667,1.333,0.334,66.667,6.0,66.667,6.0,0.5,1.0,4.0,1.0,0.0,5.0,1.8,0.8,1.0,80.0,4.0,80.0,4.0,0.3,4.0,1.0,4.0,0.0,5.0,0.4,1.6,-1.2,20.0,17.0,20.0,17.0,0.0,18.0,35.0,1.3446,1.0554,0.2892,4.0,60.0,5.0,60.0,5.0,5.7,8.0,1.0,3.0,1.0,5.0,1.4,2.4,-1.0,20.0,15.0,30.0,14.0,0.4,16.0,2.0,2.0,0.0,4.0,3.25,2.75,0.5,50.0,9.0,50.0,9.0,0.542,10.0,5.0,2.0,0.0,7.0,1.857,1.143,0.714,71.429,6.0,71.429,6.0,0.31,19.0,5.0,2.0,0.0,7.0,3.857,3.429,0.428,71.429,4.0,71.429,4.0,0.704,1.0,1.0,4.0,0.0,5.0,2.0,2.8,-0.8,20.0,18.0,20.0,18.0,0.583,5.0,28.0,2.4728000000000003,2.5043999999999995,-0.03160000000000003,10.0,50.0,8.0,51.78571428571429,9.0,5.353899999999999,12.0,0.0,4.0,0.0,4.0,1.25,2.75,-1.5,0.0,20.0,0.0,20.0,0.458,13.0,3.0,2.0,0.0,5.0,2.4,2.2,0.2,60.0,7.0,60.0,7.0,0.51,6.0,1.0,3.0,0.0,4.0,2.0,3.0,-1.0,25.0,13.0,25.0,13.0,0.521,11.0,1.0,4.0,0.0,5.0,1.8,2.0,-0.2,20.0,17.0,20.0,17.0,0.467,10.0,4.0,0.0,0.0,4.0,2.75,1.75,1.0,100.0,1.0,100.0,1.0,0.521,9.0,2.0,4.0,0.0,6.0,1.833,2.333,-0.5,33.333,14.0,33.333,14.0,0.375,10.0,28.0,2.0055,2.338833333333333,-0.3333333333333333,15.0,39.285714285714285,13.0,39.285714285714285,13.0,5.154333333333334,10.0
Hangzhou Spark,4.0,2.0,0.0,6.0,1.833,1.5,0.333,66.667,5.0,66.667,6.0,0.347,18.0,2.0,2.0,1.0,5.0,2.4,2.6,-0.2,40.0,12.0,50.0,11.0,0.6,6.0,3.0,1.0,1.0,5.0,2.2,1.6,0.6,60.0,4.0,70.0,4.0,0.56,9.0,2.0,6.0,0.0,8.0,2.25,2.875,-0.625,25.0,16.0,25.0,18.0,0.625,4.0,4.0,2.0,1.0,7.0,1.714,1.571,0.143,57.143,6.0,64.286,6.0,0.476,16.0,31.0,2.0794,2.0292,0.0502,9.0,48.38709677419355,9.0,53.2258064516129,8.0,5.5608,10.0,5.0,4.0,0.0,9.0,1.222,1.222,0.0,55.556,9.0,55.556,9.0,0.222,7.0,5.0,5.0,0.0,10.0,1.1,1.2,-0.1,50.0,10.0,50.0,10.0,0.15,17.0,2.0,5.0,0.0,7.0,0.857,1.714,-0.857,28.571,15.0,28.571,15.0,0.286,5.0,4.0,1.0,0.0,5.0,1.8,0.8,1.0,80.0,4.0,80.0,4.0,0.3,4.0,5.0,4.0,0.0,9.0,1.222,1.0,0.222,55.556,11.0,55.556,11.0,0.111,10.0,40.0,1.2402000000000002,1.1871999999999998,0.053000000000000005,11.0,52.5,9.0,52.5,9.0,4.406899999999999,12.0,4.0,3.0,1.0,8.0,2.75,2.5,0.25,50.0,9.0,56.25,9.0,0.481,11.0,2.0,2.0,0.0,4.0,2.75,2.25,0.5,50.0,9.0,50.0,9.0,0.208,20.0,6.0,2.0,0.0,8.0,2.25,1.375,0.875,75.0,2.0,75.0,2.0,0.417,14.0,2.0,4.0,0.0,6.0,2.5,3.0,-0.5,33.333,13.0,33.333,13.0,0.619,6.0,1.0,4.0,0.0,5.0,1.4,2.0,-0.6,20.0,18.0,20.0,18.0,0.367,19.0,31.0,2.33,2.225,0.10500000000000001,8.0,48.38709677419355,9.0,50.0,10.0,7.2092,4.0,4.0,1.0,0.0,5.0,2.4,1.6,0.8,80.0,1.0,80.0,1.0,0.467,9.0,3.0,3.0,0.0,6.0,2.333,2.0,0.333,50.0,11.0,50.0,11.0,0.458,10.0,4.0,2.0,0.0,6.0,3.0,2.667,0.333,66.667,7.0,66.667,7.0,0.606,8.0,2.0,2.0,0.0,4.0,2.5,2.75,-0.25,50.0,9.0,50.0,9.0,0.583,3.0,1.0,3.0,0.0,4.0,0.75,1.75,-1.0,25.0,16.0,25.0,16.0,0.167,20.0,4.0,2.0,0.0,6.0,2.333,1.667,0.666,66.667,6.0,66.667,6.0,0.431,9.0,31.0,2.2193333333333336,2.0723333333333334,0.147,6.0,58.06451612903226,5.0,58.06451612903226,5.0,5.142666666666667,11.0
Houston Outlaws,2.0,3.0,0.0,5.0,1.4,2.0,-0.6,40.0,9.0,40.0,11.0,0.367,17.0,2.0,3.0,0.0,5.0,1.4,1.6,-0.2,40.0,12.0,40.0,14.0,0.283,19.0,1.0,3.0,0.0,4.0,2.25,2.5,-0.25,25.0,13.0,25.0,14.0,0.479,14.0,3.0,3.0,1.0,7.0,1.571,1.714,-0.143,42.857,11.0,50.0,8.0,0.417,13.0,1.0,5.0,2.0,8.0,2.125,2.625,-0.5,12.5,18.0,25.0,17.0,0.583,8.0,29.0,1.7491999999999996,2.0878,-0.3386,16.0,31.03448275862069,18.0,36.206896551724135,17.0,7.312900000000001,2.0,5.0,4.0,0.0,9.0,1.444,1.111,0.333,55.556,9.0,55.556,9.0,0.278,4.0,5.0,4.0,0.0,9.0,1.333,1.222,0.111,55.556,8.0,55.556,8.0,0.278,4.0,1.0,6.0,0.0,7.0,0.571,1.857,-1.286,14.286,20.0,14.286,20.0,0.214,11.0,4.0,1.0,0.0,5.0,1.6,0.8,0.8,80.0,4.0,80.0,4.0,0.2,14.0,2.0,4.0,0.0,6.0,0.833,1.333,-0.5,33.333,13.0,33.333,13.0,0.083,14.0,36.0,1.1562000000000001,1.2646000000000002,-0.10840000000000001,13.0,47.22222222222222,12.0,47.22222222222222,12.0,4.8053,10.0,0.0,4.0,0.0,4.0,0.0,2.0,-2.0,0.0,19.0,0.0,19.0,0.0,20.0,2.0,4.0,0.0,6.0,1.333,2.167,-0.834,33.333,15.0,33.333,16.0,0.389,18.0,0.0,7.0,0.0,7.0,1.143,2.429,-1.286,0.0,19.0,0.0,20.0,0.476,6.0,5.0,3.0,0.0,8.0,2.75,2.375,0.375,62.5,5.0,62.5,5.0,0.612,8.0,3.0,1.0,0.0,4.0,3.25,2.75,0.5,75.0,3.0,75.0,3.0,0.679,2.0,29.0,1.6951999999999998,2.3442,-0.649,19.0,34.48275862068966,15.0,34.48275862068966,16.0,5.6156,9.0,4.0,1.0,0.0,5.0,2.0,1.2,0.8,80.0,1.0,80.0,1.0,0.317,19.0,3.0,1.0,0.0,4.0,2.0,2.0,0.0,75.0,4.0,75.0,4.0,0.292,16.0,1.0,3.0,0.0,4.0,1.75,2.5,-0.75,25.0,13.0,25.0,13.0,0.5,14.0,1.0,4.0,0.0,5.0,1.8,2.4,-0.6,20.0,17.0,20.0,17.0,0.517,7.0,2.0,4.0,0.0,6.0,1.5,1.667,-0.167,33.333,14.0,33.333,14.0,0.389,15.0,0.0,4.0,0.0,4.0,2.0,3.5,-1.5,0.0,18.0,0.0,18.0,0.542,5.0,28.0,1.8416666666666668,2.2111666666666667,-0.3695,16.0,39.285714285714285,13.0,39.285714285714285,13.0,6.546416666666668,4.0
London Spitfire,3.0,3.0,1.0,7.0,1.714,1.714,0.0,42.857,8.0,50.0,7.0,0.417,16.0,3.0,2.0,0.0,5.0,2.4,1.8,0.6,60.0,7.0,60.0,8.0,0.267,20.0,3.0,0.0,1.0,4.0,3.5,2.75,0.75,75.0,3.0,87.5,2.0,0.804,1.0,4.0,1.0,1.0,6.0,1.5,1.0,0.5,66.667,4.0,75.0,2.0,0.417,13.0,3.0,4.0,0.0,7.0,2.429,2.571,-0.142,42.857,12.0,42.857,14.0,0.519,14.0,29.0,2.3086,1.967,0.3416,3.0,55.172413793103445,4.0,60.3448275862069,4.0,6.6424,5.0,4.0,2.0,0.0,6.0,1.5,0.833,0.667,66.667,2.0,66.667,2.0,0.167,13.0,1.0,9.0,0.0,10.0,0.7,1.8,-1.1,10.0,19.0,10.0,19.0,0.25,6.0,5.0,1.0,0.0,6.0,1.667,0.667,1.0,83.333,1.0,83.333,1.0,0.167,15.0,2.0,4.0,0.0,6.0,1.333,1.333,0.0,33.333,14.0,33.333,14.0,0.333,2.0,3.0,2.0,0.0,5.0,1.4,1.0,0.4,60.0,6.0,60.0,6.0,0.2,7.0,33.0,1.3199999999999998,1.1266,0.1934,6.0,45.45454545454545,13.0,45.45454545454545,13.0,4.411700000000001,11.0,2.0,3.0,1.0,6.0,2.167,2.833,-0.666,33.333,13.0,41.667,12.0,0.472,13.0,1.0,2.0,1.0,4.0,1.75,2.5,-0.75,25.0,16.0,37.5,15.0,0.542,10.0,3.0,4.0,0.0,7.0,2.143,2.286,-0.143,42.857,13.0,42.857,13.0,0.405,16.0,6.0,1.0,0.0,7.0,3.143,2.714,0.429,85.714,2.0,85.714,2.0,0.59,10.0,2.0,2.0,1.0,5.0,2.2,2.2,0.0,40.0,10.0,50.0,9.0,0.583,5.0,29.0,2.2805999999999997,2.5066,-0.22599999999999998,13.0,48.275862068965516,10.0,53.44827586206896,8.0,5.6592,8.0,4.0,1.0,0.0,5.0,3.0,2.4,0.6,80.0,1.0,80.0,1.0,0.643,1.0,0.0,4.0,0.0,4.0,1.75,3.25,-1.5,0.0,18.0,0.0,18.0,0.492,9.0,4.0,1.0,0.0,5.0,2.4,1.2,1.2,80.0,4.0,80.0,4.0,0.333,17.0,2.0,2.0,0.0,4.0,1.75,1.75,0.0,50.0,9.0,50.0,9.0,0.458,11.0,1.0,5.0,0.0,6.0,1.333,2.667,-1.334,16.667,20.0,16.667,20.0,0.328,17.0,3.0,2.0,0.0,5.0,1.6,1.8,-0.2,60.0,7.0,60.0,7.0,0.283,15.0,29.0,1.9721666666666666,2.1778333333333335,-0.2056666666666667,11.0,48.275862068965516,9.0,48.275862068965516,9.0,6.0447500000000005,6.0
Los Angeles Gladiators,0.0,4.0,1.0,5.0,1.0,1.8,-0.8,0.0,19.0,10.0,19.0,0.533,9.0,3.0,2.0,0.0,5.0,2.0,1.6,0.4,60.0,7.0,60.0,8.0,0.383,15.0,4.0,0.0,0.0,4.0,2.25,1.0,1.25,100.0,1.0,100.0,1.0,0.417,17.0,5.0,3.0,1.0,9.0,2.222,1.889,0.333,55.556,6.0,61.111,6.0,0.552,6.0,4.0,2.0,0.0,6.0,3.333,3.0,0.333,66.667,4.0,66.667,4.0,0.694,3.0,29.0,2.161,1.8578000000000003,0.3032,4.0,55.172413793103445,4.0,58.620689655172406,5.0,5.2579,14.0,7.0,4.0,0.0,11.0,1.455,0.909,0.546,63.636,4.0,63.636,4.0,0.182,12.0,2.0,5.0,0.0,7.0,0.714,1.429,-0.715,28.571,17.0,28.571,17.0,0.071,20.0,3.0,4.0,0.0,7.0,1.143,1.286,-0.143,42.857,11.0,42.857,11.0,0.214,11.0,3.0,2.0,0.0,5.0,1.4,1.0,0.4,60.0,7.0,60.0,7.0,0.2,14.0,3.0,2.0,0.0,5.0,1.4,0.8,0.6,60.0,6.0,60.0,6.0,0.1,11.0,35.0,1.2224,1.0848,0.1376,9.0,51.42857142857142,11.0,51.42857142857142,11.0,6.8767,3.0,4.0,1.0,0.0,5.0,3.0,2.4,0.6,80.0,4.0,80.0,4.0,0.66,1.0,3.0,1.0,0.0,4.0,2.0,1.5,0.5,75.0,5.0,75.0,5.0,0.542,10.0,4.0,2.0,0.0,6.0,2.0,1.5,0.5,66.667,7.0,66.667,7.0,0.444,10.0,7.0,2.0,0.0,9.0,3.222,2.778,0.444,77.778,3.0,77.778,3.0,0.657,4.0,2.0,2.0,1.0,5.0,2.2,2.4,-0.2,40.0,10.0,50.0,9.0,0.55,7.0,29.0,2.4844,2.1156,0.3688,4.0,68.96551724137932,3.0,70.6896551724138,2.0,3.4853,20.0,1.0,4.0,0.0,5.0,1.6,2.2,-0.6,20.0,17.0,20.0,17.0,0.483,8.0,3.0,2.0,0.0,5.0,2.6,2.0,0.6,60.0,7.0,60.0,7.0,0.533,3.0,3.0,1.0,0.0,4.0,2.5,1.75,0.75,75.0,5.0,75.0,5.0,0.367,16.0,2.0,3.0,0.0,5.0,2.0,1.8,0.2,40.0,13.0,40.0,13.0,0.383,14.0,2.0,2.0,0.0,4.0,2.5,2.5,0.0,50.0,8.0,50.0,8.0,0.533,7.0,2.0,3.0,0.0,5.0,1.4,1.8,-0.4,40.0,13.0,40.0,13.0,0.217,19.0,28.0,2.1,2.0083333333333333,0.09166666666666666,7.0,46.42857142857143,11.0,46.42857142857143,11.0,5.792999999999999,9.0
Los Angeles Valiant,3.0,0.0,1.0,4.0,2.0,1.25,0.75,75.0,4.0,87.5,2.0,0.667,3.0,1.0,5.0,0.0,6.0,2.167,2.833,-0.666,16.667,17.0,16.667,17.0,0.55,8.0,1.0,4.0,0.0,5.0,1.8,2.4,-0.6,20.0,17.0,20.0,17.0,0.583,7.0,3.0,3.0,1.0,7.0,2.143,2.143,0.0,42.857,11.0,50.0,8.0,0.667,1.0,4.0,3.0,1.0,8.0,2.5,2.25,0.25,50.0,8.0,56.25,9.0,0.537,13.0,30.0,2.122,2.1752000000000002,-0.053200000000000004,11.0,40.0,11.0,45.0,11.0,3.5004,18.0,4.0,7.0,0.0,11.0,1.091,1.455,-0.364,36.364,18.0,36.364,18.0,0.273,5.0,4.0,5.0,0.0,9.0,1.222,1.111,0.111,44.444,13.0,44.444,13.0,0.167,16.0,3.0,2.0,0.0,5.0,1.2,0.8,0.4,60.0,7.0,60.0,7.0,0.0,20.0,3.0,3.0,0.0,6.0,1.167,1.333,-0.166,50.0,8.0,50.0,8.0,0.25,7.0,3.0,6.0,0.0,9.0,0.778,1.333,-0.555,33.333,13.0,33.333,13.0,0.056,17.0,40.0,1.0916000000000001,1.2064,-0.11480000000000001,14.0,42.5,15.0,42.5,15.0,6.574599999999999,5.0,0.0,5.0,0.0,5.0,1.4,2.4,-1.0,0.0,19.0,0.0,19.0,0.483,9.0,2.0,3.0,0.0,5.0,2.0,2.2,-0.2,40.0,12.0,40.0,12.0,0.6,2.0,2.0,4.0,1.0,7.0,1.714,1.857,-0.143,28.571,15.0,35.714,15.0,0.429,12.0,3.0,4.0,0.0,7.0,2.857,3.0,-0.143,42.857,11.0,42.857,11.0,0.567,13.0,4.0,2.0,0.0,6.0,2.833,2.5,0.333,66.667,5.0,66.667,5.0,0.503,15.0,30.0,2.1608,2.3914,-0.2306,14.0,36.666666666666664,14.0,38.333333333333336,13.0,5.3582,11.0,4.0,1.0,0.0,5.0,3.2,2.4,0.8,80.0,1.0,80.0,1.0,0.627,2.0,4.0,2.0,0.0,6.0,2.5,2.5,0.0,66.667,6.0,66.667,6.0,0.55,1.0,3.0,2.0,0.0,5.0,3.2,3.0,0.2,60.0,9.0,60.0,9.0,0.687,3.0,4.0,1.0,0.0,5.0,2.2,1.2,1.0,80.0,2.0,80.0,2.0,0.367,16.0,2.0,3.0,0.0,5.0,2.6,2.8,-0.2,40.0,11.0,40.0,11.0,0.42,13.0,2.0,2.0,0.0,4.0,1.0,0.75,0.25,50.0,9.0,50.0,9.0,0.0,20.0,30.0,2.45,2.108333333333333,0.3416666666666666,4.0,63.33333333333333,4.0,63.33333333333333,4.0,4.804250000000001,13.0
New York Excelsior,4.0,1.0,1.0,6.0,2.167,1.667,0.5,66.667,5.0,75.0,5.0,0.597,8.0,3.0,1.0,1.0,5.0,1.6,1.2,0.4,60.0,7.0,70.0,6.0,0.3,17.0,2.0,2.0,0.0,4.0,2.0,2.0,0.0,50.0,8.0,50.0,8.0,0.562,8.0,4.0,4.0,0.0,8.0,2.0,1.875,0.125,50.0,7.0,50.0,8.0,0.454,11.0,5.0,3.0,1.0,9.0,2.667,2.333,0.334,55.556,7.0,61.111,8.0,0.454,17.0,32.0,2.0867999999999998,1.815,0.2718,5.0,56.25,3.0,60.9375,3.0,6.3367,6.0,4.0,3.0,0.0,7.0,1.286,1.286,0.0,57.143,7.0,57.143,7.0,0.286,2.0,7.0,3.0,0.0,10.0,1.5,0.7,0.8,70.0,5.0,70.0,5.0,0.1,19.0,4.0,5.0,0.0,9.0,1.222,1.111,0.111,44.444,10.0,44.444,10.0,0.167,15.0,6.0,1.0,0.0,7.0,1.714,0.714,1.0,85.714,1.0,85.714,1.0,0.214,12.0,4.0,3.0,0.0,7.0,1.286,1.143,0.143,57.143,10.0,57.143,10.0,0.214,6.0,40.0,1.4015999999999997,0.9907999999999999,0.41079999999999994,3.0,62.5,3.0,62.5,3.0,5.498099999999999,9.0,1.0,4.0,0.0,5.0,1.6,2.0,-0.4,20.0,15.0,20.0,17.0,0.433,14.0,5.0,0.0,0.0,5.0,3.0,1.8,1.2,100.0,1.0,100.0,1.0,0.6,2.0,6.0,2.0,0.0,8.0,2.25,1.5,0.75,75.0,2.0,75.0,2.0,0.448,9.0,5.0,3.0,0.0,8.0,2.625,2.25,0.375,62.5,5.0,62.5,5.0,0.562,14.0,3.0,3.0,0.0,6.0,2.833,2.667,0.166,50.0,9.0,50.0,9.0,0.55,7.0,32.0,2.4616,2.0433999999999997,0.41819999999999996,3.0,62.5,5.0,62.5,5.0,4.8593,13.0,2.0,3.0,0.0,5.0,2.0,2.2,-0.2,40.0,13.0,40.0,13.0,0.36,18.0,4.0,1.0,0.0,5.0,1.6,0.6,1.0,80.0,3.0,80.0,3.0,0.133,20.0,5.0,0.0,0.0,5.0,3.2,2.2,1.0,100.0,1.0,100.0,1.0,0.683,4.0,4.0,2.0,0.0,6.0,2.5,2.0,0.5,66.667,3.0,66.667,3.0,0.569,4.0,2.0,3.0,0.0,5.0,1.6,1.8,-0.2,40.0,11.0,40.0,11.0,0.467,10.0,4.0,1.0,0.0,5.0,2.0,1.6,0.4,80.0,3.0,80.0,3.0,0.35,12.0,31.0,2.15,1.7333333333333334,0.4166666666666666,3.0,67.74193548387096,3.0,67.74193548387096,3.0,5.880166666666667,7.0
Paris Eternal,1.0,3.0,0.0,4.0,2.75,3.25,-0.5,25.0,15.0,25.0,17.0,0.688,2.0,1.0,4.0,0.0,5.0,2.0,2.6,-0.6,20.0,16.0,20.0,16.0,0.527,9.0,3.0,1.0,1.0,5.0,2.4,2.0,0.4,60.0,4.0,70.0,4.0,0.46,15.0,1.0,6.0,1.0,8.0,1.5,2.25,-0.75,12.5,20.0,18.75,20.0,0.542,7.0,3.0,3.0,0.0,6.0,1.333,1.667,-0.334,50.0,8.0,50.0,10.0,0.306,20.0,28.0,1.9966000000000002,2.3533999999999997,-0.35680000000000006,18.0,32.142857142857146,16.0,35.714285714285715,18.0,5.5523,11.0,2.0,6.0,0.0,8.0,0.75,1.625,-0.875,25.0,19.0,25.0,19.0,0.188,10.0,1.0,7.0,0.0,8.0,0.75,1.75,-1.0,12.5,18.0,12.5,18.0,0.25,6.0,2.0,3.0,0.0,5.0,1.2,1.4,-0.2,40.0,13.0,40.0,13.0,0.3,2.0,1.0,5.0,0.0,6.0,0.833,1.667,-0.834,16.667,18.0,16.667,18.0,0.25,7.0,3.0,2.0,0.0,5.0,1.4,0.8,0.6,60.0,6.0,60.0,6.0,0.1,11.0,32.0,0.9865999999999999,1.4484,-0.46180000000000004,17.0,28.125,19.0,28.125,19.0,3.708800000000001,16.0,3.0,2.0,0.0,5.0,3.2,2.6,0.6,60.0,7.0,60.0,7.0,0.583,4.0,3.0,2.0,0.0,5.0,3.8,3.6,0.2,60.0,6.0,60.0,6.0,0.743,1.0,3.0,3.0,0.0,6.0,1.667,2.0,-0.333,50.0,10.0,50.0,10.0,0.472,7.0,2.0,5.0,1.0,8.0,2.75,3.25,-0.5,25.0,17.0,31.25,16.0,0.683,2.0,1.0,3.0,0.0,4.0,1.5,2.25,-0.75,25.0,15.0,25.0,15.0,0.417,18.0,28.0,2.5834,2.7399999999999998,-0.1566,12.0,42.857142857142854,12.0,44.642857142857146,12.0,3.4898000000000002,19.0,4.0,2.0,0.0,6.0,2.167,1.667,0.5,66.667,6.0,66.667,6.0,0.5,6.0,4.0,0.0,0.0,4.0,2.5,1.5,1.0,100.0,1.0,100.0,1.0,0.5,7.0,2.0,3.0,0.0,5.0,2.0,2.4,-0.4,40.0,12.0,40.0,12.0,0.567,10.0,1.0,3.0,0.0,4.0,1.25,2.25,-1.0,25.0,16.0,25.0,16.0,0.417,13.0,3.0,2.0,0.0,5.0,3.4,2.6,0.8,60.0,6.0,60.0,6.0,0.547,6.0,2.0,2.0,0.0,4.0,3.75,3.75,0.0,50.0,9.0,50.0,9.0,0.721,2.0,28.0,2.5111666666666665,2.3611666666666666,0.15000000000000002,5.0,57.14285714285714,6.0,57.14285714285714,6.0,3.9376666666666664,18.0
Philadelphia Fusion,1.0,2.0,1.0,4.0,2.0,2.25,-0.25,25.0,15.0,37.5,15.0,0.708,1.0,4.0,2.0,0.0,6.0,2.167,2.0,0.167,66.667,6.0,66.667,7.0,0.486,12.0,0.0,3.0,1.0,4.0,2.25,3.0,-0.75,0.0,19.0,12.5,19.0,0.688,3.0,4.0,3.0,1.0,8.0,2.5,2.375,0.125,50.0,7.0,56.25,7.0,0.656,3.0,1.0,7.0,0.0,8.0,2.625,3.375,-0.75,12.5,18.0,12.5,19.0,0.554,11.0,30.0,2.3084,2.6,-0.29159999999999997,15.0,33.33333333333333,15.0,38.333333333333336,16.0,3.3091999999999997,20.0,5.0,5.0,0.0,10.0,1.2,1.2,0.0,50.0,11.0,50.0,11.0,0.2,8.0,6.0,8.0,0.0,14.0,1.214,1.429,-0.215,42.857,14.0,42.857,14.0,0.321,1.0,2.0,3.0,0.0,5.0,1.2,1.4,-0.2,40.0,13.0,40.0,13.0,0.3,2.0,2.0,3.0,0.0,5.0,1.2,1.2,0.0,40.0,12.0,40.0,12.0,0.2,14.0,0.0,4.0,0.0,4.0,0.25,2.0,-1.75,0.0,19.0,0.0,19.0,0.125,9.0,38.0,1.0128,1.4458,-0.433,16.0,39.473684210526315,16.0,39.473684210526315,16.0,3.5146,17.0,4.0,2.0,0.0,6.0,2.667,2.5,0.167,66.667,6.0,66.667,6.0,0.625,2.0,1.0,3.0,0.0,4.0,1.25,2.0,-0.75,25.0,16.0,25.0,17.0,0.292,19.0,6.0,2.0,0.0,8.0,2.0,1.625,0.375,75.0,2.0,75.0,2.0,0.406,15.0,4.0,3.0,0.0,7.0,2.143,2.143,0.0,57.143,7.0,57.143,7.0,0.5,16.0,4.0,1.0,0.0,5.0,2.2,1.6,0.6,80.0,2.0,80.0,2.0,0.35,20.0,30.0,2.0519999999999996,1.9736,0.0784,9.0,63.33333333333333,4.0,63.33333333333333,4.0,7.4173,2.0,2.0,2.0,0.0,4.0,1.5,1.75,-0.25,50.0,9.0,50.0,9.0,0.417,16.0,3.0,2.0,0.0,5.0,2.6,2.0,0.6,60.0,7.0,60.0,7.0,0.533,3.0,3.0,1.0,0.0,4.0,2.75,2.75,0.0,75.0,5.0,75.0,5.0,0.512,12.0,3.0,3.0,0.0,6.0,1.667,1.833,-0.166,50.0,9.0,50.0,9.0,0.278,20.0,2.0,4.0,0.0,6.0,1.167,2.0,-0.833,33.333,14.0,33.333,14.0,0.25,19.0,3.0,2.0,0.0,5.0,1.8,1.2,0.6,60.0,7.0,60.0,7.0,0.267,17.0,30.0,1.914,1.9221666666666666,-0.008166666666666674,10.0,53.333333333333336,8.0,53.333333333333336,8.0,7.438083333333334,2.0
San Francisco Shock,5.0,0.0,0.0,5.0,1.6,0.6,1.0,100.0,1.0,100.0,1.0,0.3,20.0,6.0,2.0,0.0,8.0,3.125,2.5,0.625,75.0,3.0,75.0,3.0,0.594,7.0,6.0,1.0,0.0,7.0,3.0,2.143,0.857,85.714,2.0,85.714,3.0,0.49,13.0,7.0,0.0,0.0,7.0,2.857,1.429,1.428,100.0,1.0,100.0,1.0,0.381,16.0,8.0,2.0,0.0,10.0,3.0,2.2,0.8,80.0,1.0,80.0,1.0,0.567,9.0,37.0,2.7164,1.7744,0.942,1.0,86.48648648648648,1.0,86.48648648648648,1.0,6.733199999999999,4.0,6.0,4.0,0.0,10.0,1.4,1.0,0.4,60.0,6.0,60.0,6.0,0.2,8.0,6.0,5.0,0.0,11.0,1.364,1.182,0.182,54.545,9.0,54.545,9.0,0.273,5.0,5.0,1.0,0.0,6.0,1.667,0.5,1.167,83.333,1.0,83.333,1.0,0.083,19.0,6.0,1.0,0.0,7.0,1.857,0.714,1.143,85.714,1.0,85.714,1.0,0.286,6.0,8.0,4.0,0.0,12.0,1.667,0.833,0.834,66.667,3.0,66.667,3.0,0.25,1.0,46.0,1.591,0.8458,0.7452000000000001,1.0,67.3913043478261,2.0,67.3913043478261,2.0,4.0092,14.0,5.0,1.0,0.0,6.0,2.5,1.167,1.333,83.333,2.0,83.333,2.0,0.389,17.0,6.0,1.0,0.0,7.0,3.0,1.714,1.286,85.714,2.0,85.714,2.0,0.471,15.0,6.0,2.0,0.0,8.0,1.875,1.125,0.75,75.0,2.0,75.0,2.0,0.292,20.0,4.0,4.0,0.0,8.0,3.875,3.375,0.5,50.0,8.0,50.0,8.0,0.588,11.0,5.0,3.0,0.0,8.0,2.75,2.5,0.25,62.5,6.0,62.5,6.0,0.544,9.0,37.0,2.8,1.9762,0.8238,2.0,70.27027027027027,2.0,70.27027027027027,3.0,7.428400000000001,1.0,3.0,3.0,0.0,6.0,1.5,1.5,0.0,50.0,9.0,50.0,9.0,0.292,20.0,7.0,1.0,0.0,8.0,2.625,1.25,1.375,87.5,2.0,87.5,2.0,0.329,15.0,4.0,0.0,0.0,4.0,2.75,0.5,2.25,100.0,1.0,100.0,1.0,0.208,20.0,6.0,0.0,0.0,6.0,3.5,1.667,1.833,100.0,1.0,100.0,1.0,0.425,12.0,5.0,0.0,0.0,5.0,3.2,1.4,1.8,100.0,1.0,100.0,1.0,0.393,14.0,7.0,0.0,0.0,7.0,3.286,1.429,1.857,100.0,1.0,100.0,1.0,0.329,13.0,36.0,2.810166666666667,1.2910000000000001,1.5191666666666668,1.0,88.88888888888889,1.0,88.88888888888889,1.0,7.997999999999998,1.0
Seoul Dynasty,3.0,3.0,0.0,6.0,2.167,1.833,0.334,50.0,7.0,50.0,7.0,0.431,15.0,3.0,1.0,0.0,4.0,2.5,2.0,0.5,75.0,3.0,75.0,3.0,0.521,10.0,3.0,1.0,1.0,5.0,2.8,2.2,0.6,60.0,4.0,70.0,4.0,0.55,10.0,2.0,5.0,1.0,8.0,1.875,2.25,-0.375,25.0,16.0,31.25,17.0,0.594,5.0,3.0,4.0,1.0,8.0,2.375,2.625,-0.25,37.5,14.0,43.75,13.0,0.506,15.0,31.0,2.3434,2.1816000000000004,0.16180000000000003,7.0,45.16129032258064,10.0,50.0,10.0,5.760199999999999,7.0,4.0,3.0,0.0,7.0,1.286,0.857,0.429,57.143,7.0,57.143,7.0,0.071,19.0,6.0,4.0,0.0,10.0,1.2,1.3,-0.1,60.0,7.0,60.0,7.0,0.25,6.0,3.0,4.0,0.0,7.0,1.286,1.286,0.0,42.857,11.0,42.857,11.0,0.286,5.0,2.0,2.0,0.0,4.0,1.5,1.5,0.0,50.0,8.0,50.0,8.0,0.5,1.0,7.0,1.0,0.0,8.0,1.75,0.75,1.0,87.5,1.0,87.5,1.0,0.25,1.0,36.0,1.4044,1.1385999999999998,0.2658,5.0,61.111111111111114,4.0,61.111111111111114,4.0,3.3357,20.0,3.0,3.0,0.0,6.0,2.833,2.5,0.333,50.0,9.0,50.0,10.0,0.494,8.0,4.0,1.0,0.0,5.0,2.4,2.0,0.4,80.0,3.0,80.0,3.0,0.55,9.0,7.0,2.0,0.0,9.0,2.556,1.889,0.667,77.778,1.0,77.778,1.0,0.537,3.0,2.0,4.0,0.0,6.0,2.833,3.0,-0.167,33.333,13.0,33.333,13.0,0.5,16.0,2.0,3.0,0.0,5.0,2.2,2.4,-0.2,40.0,10.0,40.0,12.0,0.443,17.0,31.0,2.5644,2.3578,0.20660000000000003,6.0,58.06451612903226,7.0,58.06451612903226,7.0,5.5524000000000004,10.0,2.0,3.0,0.0,5.0,2.4,2.8,-0.4,40.0,13.0,40.0,13.0,0.5,6.0,2.0,3.0,0.0,5.0,1.6,2.0,-0.4,40.0,13.0,40.0,13.0,0.5,7.0,0.0,3.0,0.0,3.0,1.0,2.333,-1.333,0.0,19.0,0.0,19.0,0.333,17.0,4.0,3.0,0.0,7.0,2.714,2.571,0.143,57.143,8.0,57.143,8.0,0.607,1.0,3.0,3.0,0.0,6.0,2.667,2.833,-0.166,50.0,8.0,50.0,8.0,0.592,4.0,3.0,1.0,0.0,4.0,4.0,3.25,0.75,75.0,4.0,75.0,4.0,0.671,3.0,30.0,2.3968333333333334,2.6311666666666667,-0.23433333333333337,12.0,46.666666666666664,10.0,46.666666666666664,10.0,3.433583333333333,19.0
Shanghai Dragons,1.0,2.0,1.0,4.0,2.0,2.5,-0.5,25.0,15.0,37.5,15.0,0.625,6.0,4.0,1.0,0.0,5.0,3.8,3.2,0.6,80.0,2.0,80.0,2.0,0.71,1.0,3.0,3.0,0.0,6.0,2.333,2.333,0.0,50.0,8.0,50.0,8.0,0.425,16.0,1.0,5.0,1.0,7.0,1.286,1.857,-0.571,14.286,19.0,21.429,19.0,0.429,12.0,7.0,3.0,0.0,10.0,3.6,3.2,0.4,70.0,3.0,70.0,3.0,0.715,2.0,32.0,2.6037999999999997,2.618,-0.01419999999999999,10.0,50.0,8.0,53.125,9.0,3.9904,16.0,3.0,4.0,0.0,7.0,1.286,1.286,0.0,42.857,13.0,42.857,13.0,0.286,2.0,6.0,3.0,0.0,9.0,1.556,0.889,0.667,66.667,6.0,66.667,6.0,0.222,10.0,4.0,1.0,0.0,5.0,1.6,0.8,0.8,80.0,3.0,80.0,3.0,0.2,13.0,1.0,5.0,0.0,6.0,0.833,1.667,-0.834,16.667,18.0,16.667,18.0,0.25,7.0,6.0,4.0,0.0,10.0,1.4,1.1,0.3,60.0,6.0,60.0,6.0,0.25,1.0,37.0,1.3350000000000002,1.1483999999999999,0.18660000000000002,7.0,54.054054054054056,8.0,54.054054054054056,8.0,3.4208,19.0,2.0,2.0,0.0,4.0,0.75,0.75,0.0,50.0,9.0,50.0,10.0,0.125,19.0,2.0,3.0,0.0,5.0,2.4,2.4,0.0,40.0,12.0,40.0,12.0,0.6,2.0,0.0,8.0,1.0,9.0,1.444,2.333,-0.889,0.0,19.0,5.556,19.0,0.509,4.0,3.0,4.0,0.0,7.0,2.714,2.571,0.143,42.857,11.0,42.857,11.0,0.519,15.0,4.0,3.0,0.0,7.0,3.0,2.571,0.429,57.143,8.0,57.143,8.0,0.602,4.0,32.0,2.0616,2.125,-0.0634,11.0,34.375,17.0,35.9375,15.0,4.6354999999999995,14.0,3.0,3.0,0.0,6.0,2.333,2.167,0.166,50.0,9.0,50.0,9.0,0.433,14.0,3.0,3.0,0.0,6.0,1.167,1.5,-0.333,50.0,11.0,50.0,11.0,0.25,17.0,2.0,1.0,0.0,3.0,3.333,3.0,0.333,66.667,7.0,66.667,7.0,0.711,1.0,1.0,4.0,0.0,5.0,1.8,2.2,-0.4,20.0,17.0,20.0,17.0,0.327,18.0,2.0,3.0,0.0,5.0,2.6,2.4,0.2,40.0,11.0,40.0,11.0,0.377,16.0,3.0,3.0,0.0,6.0,1.5,1.333,0.167,50.0,9.0,50.0,9.0,0.264,18.0,31.0,2.1221666666666668,2.1,0.022166666666666668,8.0,45.16129032258064,12.0,45.16129032258064,12.0,7.196833333333333,3.0
Toronto Defiant,2.0,3.0,0.0,5.0,1.8,2.2,-0.4,40.0,9.0,40.0,11.0,0.45,14.0,1.0,5.0,0.0,6.0,2.333,3.167,-0.834,16.667,17.0,16.667,17.0,0.625,2.0,1.0,3.0,0.0,4.0,2.5,3.25,-0.75,25.0,13.0,25.0,14.0,0.512,12.0,3.0,3.0,0.0,6.0,1.5,1.5,0.0,50.0,7.0,50.0,8.0,0.333,19.0,4.0,2.0,2.0,8.0,1.375,1.125,0.25,50.0,8.0,62.5,7.0,0.396,19.0,29.0,1.9015999999999997,2.2484,-0.3468,17.0,37.93103448275862,13.0,41.37931034482759,12.0,6.8316,3.0,4.0,6.0,0.0,10.0,1.1,1.4,-0.3,40.0,15.0,40.0,15.0,0.25,6.0,6.0,1.0,0.0,7.0,1.714,0.714,1.0,85.714,1.0,85.714,1.0,0.214,11.0,1.0,4.0,0.0,5.0,0.8,1.8,-1.0,20.0,18.0,20.0,18.0,0.3,2.0,1.0,3.0,0.0,4.0,0.75,1.75,-1.0,25.0,17.0,25.0,17.0,0.25,7.0,2.0,4.0,0.0,6.0,0.833,1.333,-0.5,33.333,13.0,33.333,13.0,0.083,14.0,32.0,1.0394,1.3994,-0.36,15.0,43.75,14.0,43.75,14.0,4.109699999999999,13.0,1.0,4.0,0.0,5.0,2.0,2.8,-0.8,20.0,15.0,20.0,17.0,0.583,4.0,0.0,4.0,0.0,4.0,1.5,2.75,-1.25,0.0,18.0,0.0,19.0,0.521,14.0,1.0,4.0,2.0,7.0,1.857,2.857,-1.0,14.286,17.0,28.571,16.0,0.56,1.0,4.0,5.0,0.0,9.0,1.333,1.889,-0.556,44.444,10.0,44.444,10.0,0.278,20.0,0.0,4.0,0.0,4.0,2.5,3.5,-1.0,0.0,20.0,0.0,20.0,0.679,2.0,29.0,1.8380000000000003,2.7592,-0.9212,20.0,20.689655172413794,20.0,24.137931034482758,20.0,4.3621,16.0,1.0,5.0,0.0,6.0,1.833,2.667,-0.834,16.667,19.0,16.667,19.0,0.403,17.0,0.0,5.0,0.0,5.0,1.6,2.6,-1.0,0.0,18.0,0.0,18.0,0.533,3.0,1.0,3.0,0.0,4.0,1.75,2.25,-0.5,25.0,13.0,25.0,13.0,0.5,14.0,2.0,3.0,0.0,5.0,2.0,2.2,-0.2,40.0,13.0,40.0,13.0,0.517,7.0,3.0,1.0,0.0,4.0,3.25,3.0,0.25,75.0,4.0,75.0,4.0,0.646,2.0,1.0,3.0,0.0,4.0,2.0,3.5,-1.5,25.0,15.0,25.0,15.0,0.375,10.0,28.0,2.0721666666666665,2.702833333333333,-0.6306666666666667,20.0,28.57142857142857,20.0,28.57142857142857,20.0,4.6645,15.0
Vancouver Titans,4.0,1.0,0.0,5.0,2.4,1.8,0.6,80.0,3.0,80.0,4.0,0.6,7.0,3.0,1.0,0.0,4.0,2.25,1.75,0.5,75.0,3.0,75.0,3.0,0.479,13.0,3.0,3.0,0.0,6.0,1.667,1.667,0.0,50.0,8.0,50.0,8.0,0.417,17.0,9.0,3.0,0.0,12.0,2.083,1.667,0.416,75.0,2.0,75.0,2.0,0.493,8.0,6.0,3.0,0.0,9.0,2.444,2.222,0.222,66.667,4.0,66.667,4.0,0.602,7.0,36.0,2.1688,1.8212,0.3476,2.0,69.44444444444444,2.0,69.44444444444444,2.0,5.4591,12.0,6.0,3.0,0.0,9.0,1.333,1.0,0.333,66.667,2.0,66.667,2.0,0.167,13.0,11.0,3.0,0.0,14.0,1.643,0.714,0.929,78.571,3.0,78.571,3.0,0.179,15.0,7.0,2.0,0.0,9.0,1.556,0.889,0.667,77.778,5.0,77.778,5.0,0.222,10.0,3.0,3.0,0.0,6.0,1.333,1.0,0.333,50.0,8.0,50.0,8.0,0.167,18.0,5.0,2.0,0.0,7.0,1.571,0.571,1.0,71.429,2.0,71.429,2.0,0.071,16.0,45.0,1.4872,0.8347999999999999,0.6524,2.0,71.11111111111111,1.0,71.11111111111111,1.0,7.2806,1.0,5.0,1.0,0.0,6.0,3.0,2.167,0.833,83.333,2.0,83.333,2.0,0.528,7.0,4.0,1.0,0.0,5.0,2.6,1.8,0.8,80.0,3.0,80.0,3.0,0.567,8.0,6.0,3.0,0.0,9.0,1.889,1.556,0.333,66.667,7.0,66.667,7.0,0.361,17.0,10.0,0.0,0.0,10.0,3.3,2.3,1.0,100.0,1.0,100.0,1.0,0.615,7.0,6.0,0.0,0.0,6.0,2.833,1.5,1.333,100.0,1.0,100.0,1.0,0.458,16.0,36.0,2.7244,1.8646,0.8598000000000001,1.0,86.11111111111111,1.0,86.11111111111111,1.0,5.7529,7.0,4.0,1.0,0.0,5.0,2.2,1.6,0.6,80.0,1.0,80.0,1.0,0.467,9.0,2.0,4.0,0.0,6.0,1.0,1.667,-0.667,33.333,15.0,33.333,15.0,0.167,19.0,5.0,0.0,0.0,5.0,3.4,2.2,1.2,100.0,1.0,100.0,1.0,0.627,6.0,4.0,2.0,0.0,6.0,2.5,2.167,0.333,66.667,3.0,66.667,3.0,0.569,4.0,3.0,2.0,0.0,5.0,3.6,3.0,0.6,60.0,6.0,60.0,6.0,0.603,3.0,5.0,1.0,0.0,6.0,3.5,2.333,1.167,83.333,2.0,83.333,2.0,0.475,8.0,33.0,2.6999999999999997,2.161166666666667,0.5388333333333333,2.0,69.6969696969697,2.0,69.6969696969697,2.0,4.325666666666667,17.0
Washington Justice,2.0,2.0,1.0,5.0,1.4,1.4,0.0,40.0,9.0,50.0,7.0,0.533,9.0,1.0,3.0,0.0,4.0,1.25,2.25,-1.0,25.0,15.0,25.0,15.0,0.292,18.0,1.0,1.0,2.0,4.0,1.25,1.25,0.0,25.0,13.0,50.0,8.0,0.625,4.0,3.0,5.0,0.0,8.0,1.625,2.125,-0.5,37.5,13.0,37.5,13.0,0.396,15.0,2.0,3.0,2.0,7.0,2.429,2.857,-0.428,28.571,16.0,42.857,14.0,0.567,9.0,28.0,1.5908000000000002,1.9764000000000004,-0.3856,19.0,32.142857142857146,16.0,41.07142857142857,13.0,5.741300000000001,8.0,4.0,6.0,0.0,10.0,1.0,1.6,-0.6,40.0,15.0,40.0,15.0,0.3,1.0,6.0,2.0,0.0,8.0,1.5,1.0,0.5,75.0,4.0,75.0,4.0,0.25,6.0,1.0,3.0,0.0,4.0,0.75,1.75,-1.0,25.0,16.0,25.0,16.0,0.25,7.0,2.0,4.0,0.0,6.0,1.0,1.667,-0.667,33.333,14.0,33.333,14.0,0.333,2.0,0.0,5.0,0.0,5.0,0.0,2.0,-2.0,0.0,19.0,0.0,19.0,0.0,18.0,33.0,0.85,1.6034,-0.7534000000000001,19.0,39.39393939393939,17.0,39.39393939393939,17.0,3.5133,18.0,3.0,2.0,0.0,5.0,1.6,1.4,0.2,60.0,7.0,60.0,7.0,0.433,14.0,0.0,5.0,0.0,5.0,1.2,2.8,-1.6,0.0,18.0,0.0,19.0,0.433,17.0,3.0,4.0,0.0,7.0,1.857,2.429,-0.572,42.857,13.0,42.857,13.0,0.429,12.0,1.0,5.0,1.0,7.0,1.857,2.429,-0.572,14.286,20.0,21.429,20.0,0.5,16.0,1.0,3.0,0.0,4.0,2.0,2.5,-0.5,25.0,15.0,25.0,15.0,0.521,12.0,28.0,1.7027999999999999,2.3116,-0.6088,18.0,28.57142857142857,18.0,30.357142857142854,19.0,7.3316,3.0,1.0,4.0,0.0,5.0,2.6,3.2,-0.6,20.0,17.0,20.0,17.0,0.593,3.0,3.0,2.0,0.0,5.0,2.0,1.6,0.4,60.0,7.0,60.0,7.0,0.2,18.0,2.0,2.0,0.0,4.0,2.25,2.25,0.0,50.0,10.0,50.0,10.0,0.625,7.0,1.0,4.0,0.0,5.0,2.0,3.0,-1.0,20.0,17.0,20.0,17.0,0.533,6.0,2.0,2.0,0.0,4.0,1.75,2.25,-0.5,50.0,8.0,50.0,8.0,0.458,11.0,0.0,5.0,0.0,5.0,1.6,3.0,-1.4,0.0,18.0,0.0,18.0,0.517,7.0,28.0,2.033333333333333,2.5500000000000003,-0.5166666666666666,18.0,32.142857142857146,18.0,32.142857142857146,18.0,4.577166666666667,16.0
